,0
0,./VideoDataPath/Billiards/v_Billiards_g21_c01/
1,./VideoDataPath/PizzaTossing/v_PizzaTossing_g19_c04/
2,./VideoDataPath/Typing/v_Typing_g20_c01/
3,./VideoDataPath/PizzaTossing/v_PizzaTossing_g15_c02/
4,./VideoDataPath/TableTennisShot/v_TableTennisShot_g25_c02/
5,./VideoDataPath/PlayingTabla/v_PlayingTabla_g11_c03/
6,./VideoDataPath/PlayingFlute/v_PlayingFlute_g04_c02/
7,./VideoDataPath/HandstandPushups/v_HandStandPushups_g17_c03/
8,./VideoDataPath/PlayingSitar/v_PlayingSitar_g08_c05/
9,./VideoDataPath/GolfSwing/v_GolfSwing_g19_c02/
10,./VideoDataPath/Knitting/v_Knitting_g10_c01/
11,./VideoDataPath/PlayingDhol/v_PlayingDhol_g25_c04/
12,./VideoDataPath/GolfSwing/v_GolfSwing_g18_c01/
13,./VideoDataPath/Surfing/v_Surfing_g02_c03/
14,./VideoDataPath/RockClimbingIndoor/v_RockClimbingIndoor_g05_c01/
15,./VideoDataPath/Bowling/v_Bowling_g21_c05/
16,./VideoDataPath/YoYo/v_YoYo_g05_c02/
17,./VideoDataPath/ApplyLipstick/v_ApplyLipstick_g08_c02/
18,./VideoDataPath/Drumming/v_Drumming_g20_c05/
19,./VideoDataPath/HighJump/v_HighJump_g07_c01/
20,./VideoDataPath/FloorGymnastics/v_FloorGymnastics_g24_c04/
21,./VideoDataPath/CuttingInKitchen/v_CuttingInKitchen_g04_c03/
22,./VideoDataPath/Mixing/v_Mixing_g03_c06/
23,./VideoDataPath/CliffDiving/v_CliffDiving_g06_c01/
24,./VideoDataPath/HeadMassage/v_HeadMassage_g24_c01/
25,./VideoDataPath/VolleyballSpiking/v_VolleyballSpiking_g16_c04/
26,./VideoDataPath/HulaHoop/v_HulaHoop_g11_c04/
27,./VideoDataPath/IceDancing/v_IceDancing_g23_c03/
28,./VideoDataPath/Bowling/v_Bowling_g19_c04/
29,./VideoDataPath/Bowling/v_Bowling_g20_c01/
30,./VideoDataPath/TaiChi/v_TaiChi_g11_c03/
31,./VideoDataPath/Hammering/v_Hammering_g17_c01/
32,./VideoDataPath/Diving/v_Diving_g01_c05/
33,./VideoDataPath/TaiChi/v_TaiChi_g06_c02/
34,./VideoDataPath/MilitaryParade/v_MilitaryParade_g03_c03/
35,./VideoDataPath/PlayingFlute/v_PlayingFlute_g15_c07/
36,./VideoDataPath/SoccerPenalty/v_SoccerPenalty_g11_c05/
37,./VideoDataPath/FloorGymnastics/v_FloorGymnastics_g25_c04/
38,./VideoDataPath/PoleVault/v_PoleVault_g04_c04/
39,./VideoDataPath/BreastStroke/v_BreastStroke_g06_c03/
40,./VideoDataPath/Basketball/v_Basketball_g17_c01/
41,./VideoDataPath/HulaHoop/v_HulaHoop_g18_c01/
42,./VideoDataPath/HandstandPushups/v_HandStandPushups_g16_c03/
43,./VideoDataPath/PlayingCello/v_PlayingCello_g08_c01/
44,./VideoDataPath/UnevenBars/v_UnevenBars_g15_c04/
45,./VideoDataPath/PlayingGuitar/v_PlayingGuitar_g02_c04/
46,./VideoDataPath/GolfSwing/v_GolfSwing_g04_c05/
47,./VideoDataPath/BenchPress/v_BenchPress_g06_c02/
48,./VideoDataPath/WritingOnBoard/v_WritingOnBoard_g15_c03/
49,./VideoDataPath/PizzaTossing/v_PizzaTossing_g12_c01/
50,./VideoDataPath/Nunchucks/v_Nunchucks_g11_c05/
51,./VideoDataPath/FrontCrawl/v_FrontCrawl_g05_c02/
52,./VideoDataPath/TaiChi/v_TaiChi_g21_c04/
53,./VideoDataPath/BalanceBeam/v_BalanceBeam_g02_c02/
54,./VideoDataPath/Bowling/v_Bowling_g25_c03/
55,./VideoDataPath/BabyCrawling/v_BabyCrawling_g09_c03/
56,./VideoDataPath/BasketballDunk/v_BasketballDunk_g11_c01/
57,./VideoDataPath/UnevenBars/v_UnevenBars_g10_c03/
58,./VideoDataPath/SoccerPenalty/v_SoccerPenalty_g19_c04/
59,./VideoDataPath/PlayingDaf/v_PlayingDaf_g23_c04/
60,./VideoDataPath/PlayingGuitar/v_PlayingGuitar_g20_c05/
61,./VideoDataPath/PlayingPiano/v_PlayingPiano_g06_c01/
62,./VideoDataPath/Billiards/v_Billiards_g24_c02/
63,./VideoDataPath/CliffDiving/v_CliffDiving_g15_c04/
64,./VideoDataPath/StillRings/v_StillRings_g22_c03/
65,./VideoDataPath/TaiChi/v_TaiChi_g12_c03/
66,./VideoDataPath/Kayaking/v_Kayaking_g04_c05/
67,./VideoDataPath/IceDancing/v_IceDancing_g17_c04/
68,./VideoDataPath/BoxingPunchingBag/v_BoxingPunchingBag_g03_c06/
69,./VideoDataPath/Typing/v_Typing_g01_c06/
70,./VideoDataPath/CricketBowling/v_CricketBowling_g04_c03/
71,./VideoDataPath/BandMarching/v_BandMarching_g06_c04/
72,./VideoDataPath/BabyCrawling/v_BabyCrawling_g24_c05/
73,./VideoDataPath/HulaHoop/v_HulaHoop_g24_c04/
74,./VideoDataPath/SkateBoarding/v_SkateBoarding_g05_c02/
75,./VideoDataPath/HighJump/v_HighJump_g25_c04/
76,./VideoDataPath/BabyCrawling/v_BabyCrawling_g20_c06/
77,./VideoDataPath/HeadMassage/v_HeadMassage_g07_c03/
78,./VideoDataPath/Surfing/v_Surfing_g13_c02/
79,./VideoDataPath/PlayingViolin/v_PlayingViolin_g19_c01/
80,./VideoDataPath/JumpRope/v_JumpRope_g25_c06/
81,./VideoDataPath/CricketShot/v_CricketShot_g09_c01/
82,./VideoDataPath/Basketball/v_Basketball_g19_c07/
83,./VideoDataPath/TableTennisShot/v_TableTennisShot_g25_c06/
84,./VideoDataPath/TrampolineJumping/v_TrampolineJumping_g02_c01/
85,./VideoDataPath/StillRings/v_StillRings_g07_c03/
86,./VideoDataPath/Drumming/v_Drumming_g23_c07/
87,./VideoDataPath/VolleyballSpiking/v_VolleyballSpiking_g02_c01/
88,./VideoDataPath/PullUps/v_PullUps_g11_c01/
89,./VideoDataPath/GolfSwing/v_GolfSwing_g03_c04/
90,./VideoDataPath/Hammering/v_Hammering_g22_c04/
91,./VideoDataPath/RockClimbingIndoor/v_RockClimbingIndoor_g02_c04/
92,./VideoDataPath/Bowling/v_Bowling_g24_c03/
93,./VideoDataPath/ShavingBeard/v_ShavingBeard_g16_c01/
94,./VideoDataPath/Drumming/v_Drumming_g19_c04/
95,./VideoDataPath/JumpingJack/v_JumpingJack_g23_c02/
96,./VideoDataPath/BalanceBeam/v_BalanceBeam_g21_c04/
97,./VideoDataPath/HorseRiding/v_HorseRiding_g04_c05/
98,./VideoDataPath/HorseRace/v_HorseRace_g19_c05/
99,./VideoDataPath/Rafting/v_Rafting_g05_c02/
100,./VideoDataPath/ApplyLipstick/v_ApplyLipstick_g03_c01/
101,./VideoDataPath/Knitting/v_Knitting_g08_c04/
102,./VideoDataPath/Billiards/v_Billiards_g13_c06/
103,./VideoDataPath/BrushingTeeth/v_BrushingTeeth_g10_c02/
104,./VideoDataPath/HighJump/v_HighJump_g22_c02/
105,./VideoDataPath/FrisbeeCatch/v_FrisbeeCatch_g24_c01/
106,./VideoDataPath/TableTennisShot/v_TableTennisShot_g20_c04/
107,./VideoDataPath/WallPushups/v_WallPushups_g08_c01/
108,./VideoDataPath/HeadMassage/v_HeadMassage_g21_c04/
109,./VideoDataPath/ThrowDiscus/v_ThrowDiscus_g11_c07/
110,./VideoDataPath/BlowDryHair/v_BlowDryHair_g14_c01/
111,./VideoDataPath/WallPushups/v_WallPushups_g02_c01/
112,./VideoDataPath/MilitaryParade/v_MilitaryParade_g04_c04/
113,./VideoDataPath/ApplyEyeMakeup/v_ApplyEyeMakeup_g24_c05/
114,./VideoDataPath/ParallelBars/v_ParallelBars_g23_c01/
115,./VideoDataPath/BrushingTeeth/v_BrushingTeeth_g17_c01/
116,./VideoDataPath/HandstandWalking/v_HandstandWalking_g11_c03/
117,./VideoDataPath/BenchPress/v_BenchPress_g22_c01/
118,./VideoDataPath/BlowingCandles/v_BlowingCandles_g15_c03/
119,./VideoDataPath/Swing/v_Swing_g06_c01/
120,./VideoDataPath/FrontCrawl/v_FrontCrawl_g08_c03/
121,./VideoDataPath/CricketBowling/v_CricketBowling_g23_c03/
122,./VideoDataPath/PoleVault/v_PoleVault_g05_c04/
123,./VideoDataPath/JugglingBalls/v_JugglingBalls_g04_c02/
124,./VideoDataPath/Swing/v_Swing_g18_c03/
125,./VideoDataPath/PlayingTabla/v_PlayingTabla_g16_c04/
126,./VideoDataPath/PommelHorse/v_PommelHorse_g03_c04/
127,./VideoDataPath/PlayingDaf/v_PlayingDaf_g25_c05/
128,./VideoDataPath/PlayingViolin/v_PlayingViolin_g15_c01/
129,./VideoDataPath/Typing/v_Typing_g09_c07/
130,./VideoDataPath/Rowing/v_Rowing_g07_c03/
131,./VideoDataPath/MilitaryParade/v_MilitaryParade_g14_c03/
132,./VideoDataPath/SkateBoarding/v_SkateBoarding_g25_c04/
133,./VideoDataPath/PlayingFlute/v_PlayingFlute_g05_c05/
134,./VideoDataPath/Drumming/v_Drumming_g12_c06/
135,./VideoDataPath/PlayingGuitar/v_PlayingGuitar_g23_c03/
136,./VideoDataPath/Swing/v_Swing_g01_c04/
137,./VideoDataPath/SkateBoarding/v_SkateBoarding_g10_c01/
138,./VideoDataPath/ShavingBeard/v_ShavingBeard_g09_c03/
139,./VideoDataPath/ApplyEyeMakeup/v_ApplyEyeMakeup_g14_c02/
140,./VideoDataPath/PlayingCello/v_PlayingCello_g13_c01/
141,./VideoDataPath/HammerThrow/v_HammerThrow_g18_c04/
142,./VideoDataPath/PullUps/v_PullUps_g24_c02/
143,./VideoDataPath/GolfSwing/v_GolfSwing_g11_c02/
144,./VideoDataPath/ThrowDiscus/v_ThrowDiscus_g22_c01/
145,./VideoDataPath/CuttingInKitchen/v_CuttingInKitchen_g06_c05/
146,./VideoDataPath/WallPushups/v_WallPushups_g06_c03/
147,./VideoDataPath/PlayingViolin/v_PlayingViolin_g07_c02/
148,./VideoDataPath/WallPushups/v_WallPushups_g21_c02/
149,./VideoDataPath/PoleVault/v_PoleVault_g20_c04/
150,./VideoDataPath/BalanceBeam/v_BalanceBeam_g21_c01/
151,./VideoDataPath/Basketball/v_Basketball_g12_c01/
152,./VideoDataPath/Mixing/v_Mixing_g08_c03/
153,./VideoDataPath/TaiChi/v_TaiChi_g04_c03/
154,./VideoDataPath/GolfSwing/v_GolfSwing_g21_c06/
155,./VideoDataPath/TaiChi/v_TaiChi_g24_c02/
156,./VideoDataPath/MoppingFloor/v_MoppingFloor_g25_c03/
157,./VideoDataPath/FieldHockeyPenalty/v_FieldHockeyPenalty_g01_c03/
158,./VideoDataPath/Diving/v_Diving_g18_c03/
159,./VideoDataPath/HorseRace/v_HorseRace_g08_c05/
160,./VideoDataPath/CliffDiving/v_CliffDiving_g07_c05/
161,./VideoDataPath/Basketball/v_Basketball_g05_c02/
162,./VideoDataPath/Archery/v_Archery_g21_c01/
163,./VideoDataPath/BlowDryHair/v_BlowDryHair_g25_c04/
164,./VideoDataPath/BlowDryHair/v_BlowDryHair_g23_c05/
165,./VideoDataPath/JumpingJack/v_JumpingJack_g16_c03/
166,./VideoDataPath/BodyWeightSquats/v_BodyWeightSquats_g20_c05/
167,./VideoDataPath/FieldHockeyPenalty/v_FieldHockeyPenalty_g24_c04/
168,./VideoDataPath/TaiChi/v_TaiChi_g05_c01/
169,./VideoDataPath/Skijet/v_Skijet_g25_c04/
170,./VideoDataPath/WallPushups/v_WallPushups_g21_c03/
171,./VideoDataPath/SalsaSpin/v_SalsaSpin_g02_c07/
172,./VideoDataPath/Bowling/v_Bowling_g23_c01/
173,./VideoDataPath/TennisSwing/v_TennisSwing_g10_c04/
174,./VideoDataPath/PizzaTossing/v_PizzaTossing_g16_c02/
175,./VideoDataPath/BasketballDunk/v_BasketballDunk_g12_c05/
176,./VideoDataPath/SalsaSpin/v_SalsaSpin_g23_c04/
177,./VideoDataPath/VolleyballSpiking/v_VolleyballSpiking_g21_c04/
178,./VideoDataPath/SkyDiving/v_SkyDiving_g08_c01/
179,./VideoDataPath/Mixing/v_Mixing_g12_c07/
180,./VideoDataPath/ShavingBeard/v_ShavingBeard_g20_c06/
181,./VideoDataPath/RockClimbingIndoor/v_RockClimbingIndoor_g13_c03/
182,./VideoDataPath/Bowling/v_Bowling_g01_c02/
183,./VideoDataPath/Rowing/v_Rowing_g15_c02/
184,./VideoDataPath/PlayingCello/v_PlayingCello_g19_c06/
185,./VideoDataPath/HulaHoop/v_HulaHoop_g06_c02/
186,./VideoDataPath/SalsaSpin/v_SalsaSpin_g16_c05/
187,./VideoDataPath/BalanceBeam/v_BalanceBeam_g25_c03/
188,./VideoDataPath/Haircut/v_Haircut_g02_c03/
189,./VideoDataPath/FrontCrawl/v_FrontCrawl_g11_c01/
190,./VideoDataPath/BlowDryHair/v_BlowDryHair_g17_c05/
191,./VideoDataPath/Biking/v_Biking_g15_c02/
192,./VideoDataPath/PlayingPiano/v_PlayingPiano_g01_c03/
193,./VideoDataPath/HighJump/v_HighJump_g24_c04/
194,./VideoDataPath/RockClimbingIndoor/v_RockClimbingIndoor_g11_c01/
195,./VideoDataPath/Haircut/v_Haircut_g05_c02/
196,./VideoDataPath/HorseRace/v_HorseRace_g09_c03/
197,./VideoDataPath/RockClimbingIndoor/v_RockClimbingIndoor_g21_c03/
198,./VideoDataPath/BrushingTeeth/v_BrushingTeeth_g20_c04/
199,./VideoDataPath/WalkingWithDog/v_WalkingWithDog_g25_c03/
200,./VideoDataPath/Lunges/v_Lunges_g18_c02/
201,./VideoDataPath/WalkingWithDog/v_WalkingWithDog_g16_c02/
202,./VideoDataPath/HorseRiding/v_HorseRiding_g22_c04/
203,./VideoDataPath/CricketBowling/v_CricketBowling_g15_c02/
204,./VideoDataPath/BandMarching/v_BandMarching_g01_c01/
205,./VideoDataPath/PlayingSitar/v_PlayingSitar_g08_c06/
206,./VideoDataPath/Knitting/v_Knitting_g16_c01/
207,./VideoDataPath/TableTennisShot/v_TableTennisShot_g22_c07/
208,./VideoDataPath/JumpRope/v_JumpRope_g13_c05/
209,./VideoDataPath/LongJump/v_LongJump_g03_c03/
210,./VideoDataPath/FieldHockeyPenalty/v_FieldHockeyPenalty_g08_c02/
211,./VideoDataPath/TennisSwing/v_TennisSwing_g23_c06/
212,./VideoDataPath/BabyCrawling/v_BabyCrawling_g17_c05/
213,./VideoDataPath/BlowingCandles/v_BlowingCandles_g12_c03/
214,./VideoDataPath/PushUps/v_PushUps_g19_c04/
215,./VideoDataPath/RopeClimbing/v_RopeClimbing_g21_c01/
216,./VideoDataPath/Drumming/v_Drumming_g24_c07/
217,./VideoDataPath/CliffDiving/v_CliffDiving_g24_c02/
218,./VideoDataPath/ApplyEyeMakeup/v_ApplyEyeMakeup_g09_c06/
219,./VideoDataPath/FrontCrawl/v_FrontCrawl_g22_c05/
220,./VideoDataPath/HighJump/v_HighJump_g03_c01/
221,./VideoDataPath/HeadMassage/v_HeadMassage_g12_c01/
222,./VideoDataPath/SkateBoarding/v_SkateBoarding_g15_c01/
223,./VideoDataPath/BoxingSpeedBag/v_BoxingSpeedBag_g14_c02/
224,./VideoDataPath/RockClimbingIndoor/v_RockClimbingIndoor_g03_c06/
225,./VideoDataPath/WallPushups/v_WallPushups_g24_c03/
226,./VideoDataPath/PlayingFlute/v_PlayingFlute_g11_c06/
227,./VideoDataPath/HorseRace/v_HorseRace_g17_c03/
228,./VideoDataPath/Rafting/v_Rafting_g14_c01/
229,./VideoDataPath/HorseRiding/v_HorseRiding_g18_c01/
230,./VideoDataPath/MoppingFloor/v_MoppingFloor_g20_c04/
231,./VideoDataPath/Haircut/v_Haircut_g19_c03/
232,./VideoDataPath/PlayingTabla/v_PlayingTabla_g11_c04/
233,./VideoDataPath/CliffDiving/v_CliffDiving_g09_c01/
234,./VideoDataPath/PlayingSitar/v_PlayingSitar_g10_c06/
235,./VideoDataPath/Basketball/v_Basketball_g21_c03/
236,./VideoDataPath/Diving/v_Diving_g19_c04/
237,./VideoDataPath/VolleyballSpiking/v_VolleyballSpiking_g22_c02/
238,./VideoDataPath/Knitting/v_Knitting_g13_c02/
239,./VideoDataPath/ThrowDiscus/v_ThrowDiscus_g16_c02/
240,./VideoDataPath/BlowingCandles/v_BlowingCandles_g19_c01/
241,./VideoDataPath/Shotput/v_Shotput_g06_c01/
242,./VideoDataPath/SumoWrestling/v_SumoWrestling_g21_c03/
243,./VideoDataPath/BreastStroke/v_BreastStroke_g01_c03/
244,./VideoDataPath/RockClimbingIndoor/v_RockClimbingIndoor_g06_c03/
245,./VideoDataPath/HammerThrow/v_HammerThrow_g06_c06/
246,./VideoDataPath/HandstandWalking/v_HandstandWalking_g16_c04/
247,./VideoDataPath/Biking/v_Biking_g07_c05/
248,./VideoDataPath/BrushingTeeth/v_BrushingTeeth_g22_c05/
249,./VideoDataPath/Surfing/v_Surfing_g12_c07/
250,./VideoDataPath/BaseballPitch/v_BaseballPitch_g09_c03/
251,./VideoDataPath/CuttingInKitchen/v_CuttingInKitchen_g02_c02/
252,./VideoDataPath/PommelHorse/v_PommelHorse_g13_c06/
253,./VideoDataPath/CricketShot/v_CricketShot_g05_c05/
254,./VideoDataPath/WritingOnBoard/v_WritingOnBoard_g16_c03/
255,./VideoDataPath/BlowingCandles/v_BlowingCandles_g25_c03/
256,./VideoDataPath/Swing/v_Swing_g22_c02/
257,./VideoDataPath/PlayingDhol/v_PlayingDhol_g14_c05/
258,./VideoDataPath/BodyWeightSquats/v_BodyWeightSquats_g22_c01/
259,./VideoDataPath/Basketball/v_Basketball_g18_c03/
260,./VideoDataPath/YoYo/v_YoYo_g21_c05/
261,./VideoDataPath/IceDancing/v_IceDancing_g09_c04/
262,./VideoDataPath/JugglingBalls/v_JugglingBalls_g25_c02/
263,./VideoDataPath/Drumming/v_Drumming_g20_c04/
264,./VideoDataPath/SkateBoarding/v_SkateBoarding_g10_c06/
265,./VideoDataPath/Billiards/v_Billiards_g02_c04/
266,./VideoDataPath/Billiards/v_Billiards_g01_c06/
267,./VideoDataPath/HammerThrow/v_HammerThrow_g12_c03/
268,./VideoDataPath/CliffDiving/v_CliffDiving_g16_c01/
269,./VideoDataPath/MoppingFloor/v_MoppingFloor_g12_c04/
270,./VideoDataPath/WritingOnBoard/v_WritingOnBoard_g25_c03/
271,./VideoDataPath/Kayaking/v_Kayaking_g21_c01/
272,./VideoDataPath/PlayingDaf/v_PlayingDaf_g07_c03/
273,./VideoDataPath/UnevenBars/v_UnevenBars_g02_c02/
274,./VideoDataPath/Rafting/v_Rafting_g22_c04/
275,./VideoDataPath/PlayingGuitar/v_PlayingGuitar_g03_c02/
276,./VideoDataPath/PoleVault/v_PoleVault_g23_c07/
277,./VideoDataPath/PlayingDaf/v_PlayingDaf_g23_c06/
278,./VideoDataPath/PlayingPiano/v_PlayingPiano_g17_c02/
279,./VideoDataPath/BenchPress/v_BenchPress_g05_c02/
280,./VideoDataPath/Punch/v_Punch_g04_c01/
281,./VideoDataPath/StillRings/v_StillRings_g03_c07/
282,./VideoDataPath/PommelHorse/v_PommelHorse_g10_c03/
283,./VideoDataPath/HeadMassage/v_HeadMassage_g07_c02/
284,./VideoDataPath/MoppingFloor/v_MoppingFloor_g20_c02/
285,./VideoDataPath/Surfing/v_Surfing_g15_c04/
286,./VideoDataPath/PommelHorse/v_PommelHorse_g07_c07/
287,./VideoDataPath/IceDancing/v_IceDancing_g12_c06/
288,./VideoDataPath/StillRings/v_StillRings_g06_c04/
289,./VideoDataPath/Billiards/v_Billiards_g03_c04/
290,./VideoDataPath/Drumming/v_Drumming_g07_c05/
291,./VideoDataPath/WritingOnBoard/v_WritingOnBoard_g14_c03/
292,./VideoDataPath/Nunchucks/v_Nunchucks_g11_c04/
293,./VideoDataPath/HammerThrow/v_HammerThrow_g14_c05/
294,./VideoDataPath/Lunges/v_Lunges_g09_c04/
295,./VideoDataPath/WallPushups/v_WallPushups_g25_c04/
296,./VideoDataPath/Archery/v_Archery_g04_c02/
297,./VideoDataPath/BodyWeightSquats/v_BodyWeightSquats_g12_c04/
298,./VideoDataPath/Mixing/v_Mixing_g16_c02/
299,./VideoDataPath/JugglingBalls/v_JugglingBalls_g14_c03/
300,./VideoDataPath/HeadMassage/v_HeadMassage_g20_c01/
301,./VideoDataPath/HandstandWalking/v_HandstandWalking_g01_c04/
302,./VideoDataPath/JumpRope/v_JumpRope_g22_c03/
303,./VideoDataPath/BoxingSpeedBag/v_BoxingSpeedBag_g17_c07/
304,./VideoDataPath/FrisbeeCatch/v_FrisbeeCatch_g11_c04/
305,./VideoDataPath/BreastStroke/v_BreastStroke_g16_c02/
306,./VideoDataPath/Fencing/v_Fencing_g05_c04/
307,./VideoDataPath/BlowingCandles/v_BlowingCandles_g03_c03/
308,./VideoDataPath/PlayingFlute/v_PlayingFlute_g18_c02/
309,./VideoDataPath/Biking/v_Biking_g11_c04/
310,./VideoDataPath/WritingOnBoard/v_WritingOnBoard_g17_c04/
311,./VideoDataPath/SalsaSpin/v_SalsaSpin_g12_c04/
312,./VideoDataPath/Drumming/v_Drumming_g17_c07/
313,./VideoDataPath/Billiards/v_Billiards_g16_c01/
314,./VideoDataPath/FloorGymnastics/v_FloorGymnastics_g21_c05/
315,./VideoDataPath/UnevenBars/v_UnevenBars_g23_c03/
316,./VideoDataPath/BoxingPunchingBag/v_BoxingPunchingBag_g15_c06/
317,./VideoDataPath/PlayingDaf/v_PlayingDaf_g12_c05/
318,./VideoDataPath/BrushingTeeth/v_BrushingTeeth_g14_c03/
319,./VideoDataPath/FloorGymnastics/v_FloorGymnastics_g11_c02/
320,./VideoDataPath/JumpRope/v_JumpRope_g05_c05/
321,./VideoDataPath/HighJump/v_HighJump_g09_c04/
322,./VideoDataPath/BenchPress/v_BenchPress_g05_c03/
323,./VideoDataPath/BlowingCandles/v_BlowingCandles_g24_c01/
324,./VideoDataPath/HorseRace/v_HorseRace_g14_c04/
325,./VideoDataPath/UnevenBars/v_UnevenBars_g11_c04/
326,./VideoDataPath/Biking/v_Biking_g02_c02/
327,./VideoDataPath/TaiChi/v_TaiChi_g16_c03/
328,./VideoDataPath/CricketBowling/v_CricketBowling_g19_c06/
329,./VideoDataPath/Swing/v_Swing_g16_c01/
330,./VideoDataPath/BenchPress/v_BenchPress_g14_c03/
331,./VideoDataPath/WallPushups/v_WallPushups_g07_c05/
332,./VideoDataPath/SoccerJuggling/v_SoccerJuggling_g08_c01/
333,./VideoDataPath/Punch/v_Punch_g06_c06/
334,./VideoDataPath/UnevenBars/v_UnevenBars_g16_c02/
335,./VideoDataPath/JugglingBalls/v_JugglingBalls_g08_c01/
336,./VideoDataPath/Biking/v_Biking_g04_c05/
337,./VideoDataPath/BandMarching/v_BandMarching_g01_c06/
338,./VideoDataPath/FrisbeeCatch/v_FrisbeeCatch_g05_c01/
339,./VideoDataPath/FloorGymnastics/v_FloorGymnastics_g23_c01/
340,./VideoDataPath/PlayingDaf/v_PlayingDaf_g12_c04/
341,./VideoDataPath/WallPushups/v_WallPushups_g11_c05/
342,./VideoDataPath/WritingOnBoard/v_WritingOnBoard_g03_c07/
343,./VideoDataPath/GolfSwing/v_GolfSwing_g19_c04/
344,./VideoDataPath/BoxingPunchingBag/v_BoxingPunchingBag_g18_c01/
345,./VideoDataPath/BoxingSpeedBag/v_BoxingSpeedBag_g06_c05/
346,./VideoDataPath/Knitting/v_Knitting_g24_c02/
347,./VideoDataPath/BenchPress/v_BenchPress_g03_c04/
348,./VideoDataPath/Lunges/v_Lunges_g09_c02/
349,./VideoDataPath/ShavingBeard/v_ShavingBeard_g05_c06/
350,./VideoDataPath/Archery/v_Archery_g24_c03/
351,./VideoDataPath/VolleyballSpiking/v_VolleyballSpiking_g20_c03/
352,./VideoDataPath/IceDancing/v_IceDancing_g18_c03/
353,./VideoDataPath/HandstandPushups/v_HandStandPushups_g15_c05/
354,./VideoDataPath/WallPushups/v_WallPushups_g11_c06/
355,./VideoDataPath/FrisbeeCatch/v_FrisbeeCatch_g01_c03/
356,./VideoDataPath/LongJump/v_LongJump_g09_c06/
357,./VideoDataPath/HeadMassage/v_HeadMassage_g23_c06/
358,./VideoDataPath/WritingOnBoard/v_WritingOnBoard_g06_c03/
359,./VideoDataPath/BasketballDunk/v_BasketballDunk_g01_c05/
360,./VideoDataPath/PlayingSitar/v_PlayingSitar_g08_c01/
361,./VideoDataPath/BoxingPunchingBag/v_BoxingPunchingBag_g22_c03/
362,./VideoDataPath/FloorGymnastics/v_FloorGymnastics_g20_c04/
363,./VideoDataPath/UnevenBars/v_UnevenBars_g01_c04/
364,./VideoDataPath/MoppingFloor/v_MoppingFloor_g11_c01/
365,./VideoDataPath/PlayingCello/v_PlayingCello_g08_c03/
366,./VideoDataPath/Mixing/v_Mixing_g12_c03/
367,./VideoDataPath/FieldHockeyPenalty/v_FieldHockeyPenalty_g25_c01/
368,./VideoDataPath/SoccerPenalty/v_SoccerPenalty_g24_c03/
369,./VideoDataPath/MilitaryParade/v_MilitaryParade_g12_c04/
370,./VideoDataPath/PushUps/v_PushUps_g11_c04/
371,./VideoDataPath/BandMarching/v_BandMarching_g10_c04/
372,./VideoDataPath/BalanceBeam/v_BalanceBeam_g06_c02/
373,./VideoDataPath/Surfing/v_Surfing_g05_c02/
374,./VideoDataPath/WallPushups/v_WallPushups_g14_c05/
375,./VideoDataPath/Haircut/v_Haircut_g09_c05/
376,./VideoDataPath/PlayingCello/v_PlayingCello_g06_c06/
377,./VideoDataPath/PlayingCello/v_PlayingCello_g13_c04/
378,./VideoDataPath/Bowling/v_Bowling_g20_c07/
379,./VideoDataPath/SoccerPenalty/v_SoccerPenalty_g13_c02/
380,./VideoDataPath/Punch/v_Punch_g19_c07/
381,./VideoDataPath/PlayingViolin/v_PlayingViolin_g14_c03/
382,./VideoDataPath/HighJump/v_HighJump_g16_c03/
383,./VideoDataPath/Haircut/v_Haircut_g23_c06/
384,./VideoDataPath/ApplyEyeMakeup/v_ApplyEyeMakeup_g24_c04/
385,./VideoDataPath/BoxingPunchingBag/v_BoxingPunchingBag_g11_c02/
386,./VideoDataPath/BlowDryHair/v_BlowDryHair_g22_c04/
387,./VideoDataPath/Skijet/v_Skijet_g15_c02/
388,./VideoDataPath/PlayingFlute/v_PlayingFlute_g19_c03/
389,./VideoDataPath/HandstandWalking/v_HandstandWalking_g21_c02/
390,./VideoDataPath/PlayingTabla/v_PlayingTabla_g02_c04/
391,./VideoDataPath/WritingOnBoard/v_WritingOnBoard_g13_c02/
392,./VideoDataPath/PizzaTossing/v_PizzaTossing_g23_c03/
393,./VideoDataPath/Typing/v_Typing_g14_c02/
394,./VideoDataPath/CricketShot/v_CricketShot_g07_c05/
395,./VideoDataPath/BlowDryHair/v_BlowDryHair_g21_c06/
396,./VideoDataPath/RockClimbingIndoor/v_RockClimbingIndoor_g04_c03/
397,./VideoDataPath/Diving/v_Diving_g01_c07/
398,./VideoDataPath/Drumming/v_Drumming_g25_c04/
399,./VideoDataPath/VolleyballSpiking/v_VolleyballSpiking_g03_c02/
400,./VideoDataPath/ParallelBars/v_ParallelBars_g07_c04/
401,./VideoDataPath/Hammering/v_Hammering_g19_c03/
402,./VideoDataPath/BrushingTeeth/v_BrushingTeeth_g01_c04/
403,./VideoDataPath/Basketball/v_Basketball_g08_c02/
404,./VideoDataPath/WritingOnBoard/v_WritingOnBoard_g23_c06/
405,./VideoDataPath/BoxingSpeedBag/v_BoxingSpeedBag_g03_c05/
406,./VideoDataPath/YoYo/v_YoYo_g21_c04/
407,./VideoDataPath/LongJump/v_LongJump_g11_c05/
408,./VideoDataPath/TableTennisShot/v_TableTennisShot_g17_c03/
409,./VideoDataPath/HulaHoop/v_HulaHoop_g06_c03/
410,./VideoDataPath/WalkingWithDog/v_WalkingWithDog_g04_c05/
411,./VideoDataPath/ParallelBars/v_ParallelBars_g07_c01/
412,./VideoDataPath/BodyWeightSquats/v_BodyWeightSquats_g22_c03/
413,./VideoDataPath/Fencing/v_Fencing_g04_c02/
414,./VideoDataPath/CricketBowling/v_CricketBowling_g09_c07/
415,./VideoDataPath/JumpRope/v_JumpRope_g24_c02/
416,./VideoDataPath/CliffDiving/v_CliffDiving_g06_c07/
417,./VideoDataPath/CricketBowling/v_CricketBowling_g09_c01/
418,./VideoDataPath/TrampolineJumping/v_TrampolineJumping_g18_c03/
419,./VideoDataPath/PlayingDaf/v_PlayingDaf_g02_c05/
420,./VideoDataPath/CliffDiving/v_CliffDiving_g05_c04/
421,./VideoDataPath/HorseRace/v_HorseRace_g02_c04/
422,./VideoDataPath/Surfing/v_Surfing_g13_c03/
423,./VideoDataPath/CuttingInKitchen/v_CuttingInKitchen_g21_c02/
424,./VideoDataPath/PullUps/v_PullUps_g07_c01/
425,./VideoDataPath/PlayingCello/v_PlayingCello_g23_c03/
426,./VideoDataPath/PlayingTabla/v_PlayingTabla_g06_c04/
427,./VideoDataPath/HammerThrow/v_HammerThrow_g06_c01/
428,./VideoDataPath/Shotput/v_Shotput_g02_c04/
429,./VideoDataPath/HorseRiding/v_HorseRiding_g10_c04/
430,./VideoDataPath/HorseRiding/v_HorseRiding_g24_c01/
431,./VideoDataPath/BandMarching/v_BandMarching_g09_c03/
432,./VideoDataPath/CliffDiving/v_CliffDiving_g12_c07/
433,./VideoDataPath/BandMarching/v_BandMarching_g10_c03/
434,./VideoDataPath/CricketShot/v_CricketShot_g15_c05/
435,./VideoDataPath/WallPushups/v_WallPushups_g19_c04/
436,./VideoDataPath/Rowing/v_Rowing_g14_c01/
437,./VideoDataPath/JumpRope/v_JumpRope_g16_c07/
438,./VideoDataPath/BabyCrawling/v_BabyCrawling_g06_c06/
439,./VideoDataPath/FieldHockeyPenalty/v_FieldHockeyPenalty_g25_c04/
440,./VideoDataPath/Bowling/v_Bowling_g21_c01/
441,./VideoDataPath/Drumming/v_Drumming_g07_c04/
442,./VideoDataPath/CliffDiving/v_CliffDiving_g07_c04/
443,./VideoDataPath/Surfing/v_Surfing_g04_c04/
444,./VideoDataPath/FrontCrawl/v_FrontCrawl_g24_c01/
445,./VideoDataPath/ThrowDiscus/v_ThrowDiscus_g23_c03/
446,./VideoDataPath/ApplyLipstick/v_ApplyLipstick_g04_c04/
447,./VideoDataPath/SoccerJuggling/v_SoccerJuggling_g19_c07/
448,./VideoDataPath/PlayingDaf/v_PlayingDaf_g06_c01/
449,./VideoDataPath/BenchPress/v_BenchPress_g04_c06/
450,./VideoDataPath/PlayingFlute/v_PlayingFlute_g02_c07/
451,./VideoDataPath/Hammering/v_Hammering_g11_c04/
452,./VideoDataPath/RockClimbingIndoor/v_RockClimbingIndoor_g24_c07/
453,./VideoDataPath/Skiing/v_Skiing_g17_c01/
454,./VideoDataPath/Punch/v_Punch_g13_c01/
455,./VideoDataPath/Hammering/v_Hammering_g09_c07/
456,./VideoDataPath/Kayaking/v_Kayaking_g18_c07/
457,./VideoDataPath/ShavingBeard/v_ShavingBeard_g24_c05/
458,./VideoDataPath/Kayaking/v_Kayaking_g20_c03/
459,./VideoDataPath/TrampolineJumping/v_TrampolineJumping_g24_c04/
460,./VideoDataPath/SumoWrestling/v_SumoWrestling_g07_c03/
461,./VideoDataPath/PlayingPiano/v_PlayingPiano_g24_c04/
462,./VideoDataPath/ApplyEyeMakeup/v_ApplyEyeMakeup_g19_c03/
463,./VideoDataPath/Bowling/v_Bowling_g08_c07/
464,./VideoDataPath/Typing/v_Typing_g17_c02/
465,./VideoDataPath/Kayaking/v_Kayaking_g21_c04/
466,./VideoDataPath/PizzaTossing/v_PizzaTossing_g08_c01/
467,./VideoDataPath/Typing/v_Typing_g06_c07/
468,./VideoDataPath/BoxingPunchingBag/v_BoxingPunchingBag_g01_c07/
469,./VideoDataPath/MoppingFloor/v_MoppingFloor_g05_c02/
470,./VideoDataPath/Nunchucks/v_Nunchucks_g21_c04/
471,./VideoDataPath/PlayingPiano/v_PlayingPiano_g25_c02/
472,./VideoDataPath/PlayingPiano/v_PlayingPiano_g10_c03/
473,./VideoDataPath/PlayingGuitar/v_PlayingGuitar_g21_c01/
474,./VideoDataPath/VolleyballSpiking/v_VolleyballSpiking_g13_c04/
475,./VideoDataPath/Surfing/v_Surfing_g11_c03/
476,./VideoDataPath/Swing/v_Swing_g05_c03/
477,./VideoDataPath/ShavingBeard/v_ShavingBeard_g08_c05/
478,./VideoDataPath/PommelHorse/v_PommelHorse_g19_c05/
479,./VideoDataPath/IceDancing/v_IceDancing_g07_c07/
480,./VideoDataPath/Rowing/v_Rowing_g06_c01/
481,./VideoDataPath/PlayingCello/v_PlayingCello_g17_c07/
482,./VideoDataPath/HeadMassage/v_HeadMassage_g02_c02/
483,./VideoDataPath/WalkingWithDog/v_WalkingWithDog_g25_c01/
484,./VideoDataPath/HeadMassage/v_HeadMassage_g22_c06/
485,./VideoDataPath/BoxingPunchingBag/v_BoxingPunchingBag_g25_c03/
486,./VideoDataPath/ParallelBars/v_ParallelBars_g04_c03/
487,./VideoDataPath/MoppingFloor/v_MoppingFloor_g16_c04/
488,./VideoDataPath/SumoWrestling/v_SumoWrestling_g14_c02/
489,./VideoDataPath/Biking/v_Biking_g15_c03/
490,./VideoDataPath/PlayingFlute/v_PlayingFlute_g07_c06/
491,./VideoDataPath/LongJump/v_LongJump_g02_c04/
492,./VideoDataPath/PlayingSitar/v_PlayingSitar_g05_c07/
493,./VideoDataPath/JumpingJack/v_JumpingJack_g07_c04/
494,./VideoDataPath/FrontCrawl/v_FrontCrawl_g06_c03/
495,./VideoDataPath/FloorGymnastics/v_FloorGymnastics_g16_c04/
496,./VideoDataPath/PushUps/v_PushUps_g14_c04/
497,./VideoDataPath/PlayingTabla/v_PlayingTabla_g25_c04/
498,./VideoDataPath/SkyDiving/v_SkyDiving_g14_c03/
499,./VideoDataPath/CricketBowling/v_CricketBowling_g16_c04/
500,./VideoDataPath/CricketShot/v_CricketShot_g02_c02/
501,./VideoDataPath/PushUps/v_PushUps_g17_c04/
502,./VideoDataPath/Rowing/v_Rowing_g13_c03/
503,./VideoDataPath/HammerThrow/v_HammerThrow_g20_c04/
504,./VideoDataPath/BandMarching/v_BandMarching_g22_c04/
505,./VideoDataPath/ApplyLipstick/v_ApplyLipstick_g11_c04/
506,./VideoDataPath/FrontCrawl/v_FrontCrawl_g21_c04/
507,./VideoDataPath/HorseRiding/v_HorseRiding_g17_c05/
508,./VideoDataPath/PoleVault/v_PoleVault_g18_c05/
509,./VideoDataPath/Basketball/v_Basketball_g19_c03/
510,./VideoDataPath/PlayingDhol/v_PlayingDhol_g13_c02/
511,./VideoDataPath/CricketShot/v_CricketShot_g22_c06/
512,./VideoDataPath/PizzaTossing/v_PizzaTossing_g06_c03/
513,./VideoDataPath/Haircut/v_Haircut_g24_c01/
514,./VideoDataPath/PlayingDhol/v_PlayingDhol_g21_c01/
515,./VideoDataPath/FrontCrawl/v_FrontCrawl_g09_c04/
516,./VideoDataPath/Rafting/v_Rafting_g03_c03/
517,./VideoDataPath/Lunges/v_Lunges_g04_c02/
518,./VideoDataPath/ApplyEyeMakeup/v_ApplyEyeMakeup_g07_c04/
519,./VideoDataPath/Bowling/v_Bowling_g08_c03/
520,./VideoDataPath/Shotput/v_Shotput_g06_c04/
521,./VideoDataPath/BoxingSpeedBag/v_BoxingSpeedBag_g16_c02/
522,./VideoDataPath/Rowing/v_Rowing_g08_c04/
523,./VideoDataPath/CricketBowling/v_CricketBowling_g24_c01/
524,./VideoDataPath/PlayingSitar/v_PlayingSitar_g11_c06/
525,./VideoDataPath/PlayingGuitar/v_PlayingGuitar_g25_c03/
526,./VideoDataPath/Skijet/v_Skijet_g06_c04/
527,./VideoDataPath/HammerThrow/v_HammerThrow_g20_c01/
528,./VideoDataPath/JumpRope/v_JumpRope_g21_c07/
529,./VideoDataPath/CricketShot/v_CricketShot_g09_c06/
530,./VideoDataPath/JumpRope/v_JumpRope_g07_c05/
531,./VideoDataPath/PlayingPiano/v_PlayingPiano_g18_c03/
532,./VideoDataPath/Punch/v_Punch_g09_c05/
533,./VideoDataPath/Knitting/v_Knitting_g07_c03/
534,./VideoDataPath/TableTennisShot/v_TableTennisShot_g23_c05/
535,./VideoDataPath/Shotput/v_Shotput_g07_c03/
536,./VideoDataPath/RockClimbingIndoor/v_RockClimbingIndoor_g07_c01/
537,./VideoDataPath/ApplyLipstick/v_ApplyLipstick_g22_c07/
538,./VideoDataPath/HorseRace/v_HorseRace_g06_c02/
539,./VideoDataPath/SoccerPenalty/v_SoccerPenalty_g01_c04/
540,./VideoDataPath/RockClimbingIndoor/v_RockClimbingIndoor_g03_c03/
541,./VideoDataPath/Diving/v_Diving_g02_c07/
542,./VideoDataPath/Skiing/v_Skiing_g02_c04/
543,./VideoDataPath/SkyDiving/v_SkyDiving_g25_c03/
544,./VideoDataPath/Swing/v_Swing_g21_c02/
545,./VideoDataPath/Basketball/v_Basketball_g07_c04/
546,./VideoDataPath/PlayingDhol/v_PlayingDhol_g04_c04/
547,./VideoDataPath/VolleyballSpiking/v_VolleyballSpiking_g07_c06/
548,./VideoDataPath/Diving/v_Diving_g09_c01/
549,./VideoDataPath/PullUps/v_PullUps_g11_c02/
550,./VideoDataPath/FrontCrawl/v_FrontCrawl_g21_c02/
551,./VideoDataPath/BlowDryHair/v_BlowDryHair_g06_c03/
552,./VideoDataPath/Knitting/v_Knitting_g10_c02/
553,./VideoDataPath/FrisbeeCatch/v_FrisbeeCatch_g06_c03/
554,./VideoDataPath/Skiing/v_Skiing_g02_c03/
555,./VideoDataPath/FrisbeeCatch/v_FrisbeeCatch_g01_c05/
556,./VideoDataPath/PlayingFlute/v_PlayingFlute_g24_c05/
557,./VideoDataPath/Typing/v_Typing_g22_c02/
558,./VideoDataPath/Basketball/v_Basketball_g09_c01/
559,./VideoDataPath/HandstandPushups/v_HandStandPushups_g21_c03/
560,./VideoDataPath/YoYo/v_YoYo_g16_c06/
561,./VideoDataPath/IceDancing/v_IceDancing_g10_c06/
562,./VideoDataPath/Surfing/v_Surfing_g19_c01/
563,./VideoDataPath/ApplyEyeMakeup/v_ApplyEyeMakeup_g16_c01/
564,./VideoDataPath/PlayingDaf/v_PlayingDaf_g18_c04/
565,./VideoDataPath/Swing/v_Swing_g23_c04/
566,./VideoDataPath/PoleVault/v_PoleVault_g21_c04/
567,./VideoDataPath/PoleVault/v_PoleVault_g02_c06/
568,./VideoDataPath/PlayingGuitar/v_PlayingGuitar_g08_c01/
569,./VideoDataPath/UnevenBars/v_UnevenBars_g13_c04/
570,./VideoDataPath/HammerThrow/v_HammerThrow_g02_c07/
571,./VideoDataPath/FloorGymnastics/v_FloorGymnastics_g22_c01/
572,./VideoDataPath/WallPushups/v_WallPushups_g15_c03/
573,./VideoDataPath/IceDancing/v_IceDancing_g05_c01/
574,./VideoDataPath/UnevenBars/v_UnevenBars_g16_c04/
575,./VideoDataPath/BodyWeightSquats/v_BodyWeightSquats_g09_c04/
576,./VideoDataPath/Hammering/v_Hammering_g04_c01/
577,./VideoDataPath/Lunges/v_Lunges_g25_c03/
578,./VideoDataPath/Nunchucks/v_Nunchucks_g05_c04/
579,./VideoDataPath/Drumming/v_Drumming_g02_c07/
580,./VideoDataPath/SoccerJuggling/v_SoccerJuggling_g08_c02/
581,./VideoDataPath/BreastStroke/v_BreastStroke_g18_c02/
582,./VideoDataPath/PizzaTossing/v_PizzaTossing_g13_c03/
583,./VideoDataPath/BrushingTeeth/v_BrushingTeeth_g05_c03/
584,./VideoDataPath/BandMarching/v_BandMarching_g12_c06/
585,./VideoDataPath/BenchPress/v_BenchPress_g18_c05/
586,./VideoDataPath/StillRings/v_StillRings_g15_c02/
587,./VideoDataPath/SumoWrestling/v_SumoWrestling_g06_c06/
588,./VideoDataPath/Diving/v_Diving_g01_c02/
589,./VideoDataPath/BrushingTeeth/v_BrushingTeeth_g13_c02/
590,./VideoDataPath/HighJump/v_HighJump_g02_c06/
591,./VideoDataPath/BoxingSpeedBag/v_BoxingSpeedBag_g14_c06/
592,./VideoDataPath/Diving/v_Diving_g14_c04/
593,./VideoDataPath/PlayingFlute/v_PlayingFlute_g17_c01/
594,./VideoDataPath/PlayingCello/v_PlayingCello_g02_c06/
595,./VideoDataPath/FrontCrawl/v_FrontCrawl_g04_c02/
596,./VideoDataPath/SkateBoarding/v_SkateBoarding_g12_c06/
597,./VideoDataPath/JumpRope/v_JumpRope_g18_c02/
598,./VideoDataPath/PlayingViolin/v_PlayingViolin_g15_c04/
599,./VideoDataPath/BrushingTeeth/v_BrushingTeeth_g22_c07/
600,./VideoDataPath/BoxingSpeedBag/v_BoxingSpeedBag_g11_c04/
601,./VideoDataPath/ApplyLipstick/v_ApplyLipstick_g22_c03/
602,./VideoDataPath/HammerThrow/v_HammerThrow_g03_c01/
603,./VideoDataPath/BabyCrawling/v_BabyCrawling_g19_c04/
604,./VideoDataPath/ApplyEyeMakeup/v_ApplyEyeMakeup_g03_c02/
605,./VideoDataPath/FieldHockeyPenalty/v_FieldHockeyPenalty_g02_c04/
606,./VideoDataPath/HeadMassage/v_HeadMassage_g06_c06/
607,./VideoDataPath/Skijet/v_Skijet_g23_c03/
608,./VideoDataPath/JavelinThrow/v_JavelinThrow_g18_c02/
609,./VideoDataPath/BalanceBeam/v_BalanceBeam_g21_c02/
610,./VideoDataPath/PullUps/v_PullUps_g25_c02/
611,./VideoDataPath/Drumming/v_Drumming_g06_c03/
612,./VideoDataPath/GolfSwing/v_GolfSwing_g02_c04/
613,./VideoDataPath/Skiing/v_Skiing_g18_c01/
614,./VideoDataPath/YoYo/v_YoYo_g13_c03/
615,./VideoDataPath/TableTennisShot/v_TableTennisShot_g18_c03/
616,./VideoDataPath/BoxingPunchingBag/v_BoxingPunchingBag_g16_c07/
617,./VideoDataPath/Archery/v_Archery_g19_c02/
618,./VideoDataPath/BenchPress/v_BenchPress_g01_c06/
619,./VideoDataPath/PlayingCello/v_PlayingCello_g09_c01/
620,./VideoDataPath/FloorGymnastics/v_FloorGymnastics_g09_c07/
621,./VideoDataPath/PizzaTossing/v_PizzaTossing_g02_c03/
622,./VideoDataPath/BlowingCandles/v_BlowingCandles_g08_c01/
623,./VideoDataPath/Shotput/v_Shotput_g01_c04/
624,./VideoDataPath/BlowDryHair/v_BlowDryHair_g15_c04/
625,./VideoDataPath/BlowDryHair/v_BlowDryHair_g02_c03/
626,./VideoDataPath/ThrowDiscus/v_ThrowDiscus_g01_c03/
627,./VideoDataPath/Rowing/v_Rowing_g03_c05/
628,./VideoDataPath/HeadMassage/v_HeadMassage_g03_c02/
629,./VideoDataPath/ShavingBeard/v_ShavingBeard_g22_c07/
630,./VideoDataPath/TrampolineJumping/v_TrampolineJumping_g11_c05/
631,./VideoDataPath/BlowingCandles/v_BlowingCandles_g04_c05/
632,./VideoDataPath/Rafting/v_Rafting_g12_c01/
633,./VideoDataPath/HorseRace/v_HorseRace_g18_c04/
634,./VideoDataPath/MilitaryParade/v_MilitaryParade_g06_c04/
635,./VideoDataPath/BasketballDunk/v_BasketballDunk_g25_c02/
636,./VideoDataPath/BabyCrawling/v_BabyCrawling_g06_c04/
637,./VideoDataPath/BabyCrawling/v_BabyCrawling_g06_c05/
638,./VideoDataPath/Rowing/v_Rowing_g23_c04/
639,./VideoDataPath/StillRings/v_StillRings_g12_c04/
640,./VideoDataPath/Swing/v_Swing_g06_c02/
641,./VideoDataPath/CleanAndJerk/v_CleanAndJerk_g13_c04/
642,./VideoDataPath/BoxingPunchingBag/v_BoxingPunchingBag_g03_c01/
643,./VideoDataPath/Nunchucks/v_Nunchucks_g11_c02/
644,./VideoDataPath/MilitaryParade/v_MilitaryParade_g02_c02/
645,./VideoDataPath/BalanceBeam/v_BalanceBeam_g21_c05/
646,./VideoDataPath/PushUps/v_PushUps_g06_c02/
647,./VideoDataPath/BabyCrawling/v_BabyCrawling_g16_c04/
648,./VideoDataPath/JugglingBalls/v_JugglingBalls_g24_c01/
649,./VideoDataPath/PlayingDhol/v_PlayingDhol_g10_c03/
650,./VideoDataPath/PlayingCello/v_PlayingCello_g03_c02/
651,./VideoDataPath/RopeClimbing/v_RopeClimbing_g06_c04/
652,./VideoDataPath/PoleVault/v_PoleVault_g05_c05/
653,./VideoDataPath/PoleVault/v_PoleVault_g15_c03/
654,./VideoDataPath/WalkingWithDog/v_WalkingWithDog_g25_c04/
655,./VideoDataPath/YoYo/v_YoYo_g21_c03/
656,./VideoDataPath/Shotput/v_Shotput_g25_c04/
657,./VideoDataPath/WallPushups/v_WallPushups_g19_c01/
658,./VideoDataPath/RockClimbingIndoor/v_RockClimbingIndoor_g23_c05/
659,./VideoDataPath/BlowingCandles/v_BlowingCandles_g22_c01/
660,./VideoDataPath/WritingOnBoard/v_WritingOnBoard_g05_c02/
661,./VideoDataPath/BaseballPitch/v_BaseballPitch_g25_c04/
662,./VideoDataPath/ShavingBeard/v_ShavingBeard_g02_c05/
663,./VideoDataPath/TennisSwing/v_TennisSwing_g06_c01/
664,./VideoDataPath/FieldHockeyPenalty/v_FieldHockeyPenalty_g05_c02/
665,./VideoDataPath/PlayingFlute/v_PlayingFlute_g16_c06/
666,./VideoDataPath/BasketballDunk/v_BasketballDunk_g12_c02/
667,./VideoDataPath/PlayingFlute/v_PlayingFlute_g14_c02/
668,./VideoDataPath/BenchPress/v_BenchPress_g22_c06/
669,./VideoDataPath/Typing/v_Typing_g11_c03/
670,./VideoDataPath/WallPushups/v_WallPushups_g19_c05/
671,./VideoDataPath/Shotput/v_Shotput_g12_c05/
672,./VideoDataPath/TableTennisShot/v_TableTennisShot_g06_c06/
673,./VideoDataPath/SalsaSpin/v_SalsaSpin_g15_c03/
674,./VideoDataPath/BodyWeightSquats/v_BodyWeightSquats_g15_c04/
675,./VideoDataPath/TableTennisShot/v_TableTennisShot_g09_c02/
676,./VideoDataPath/PlayingSitar/v_PlayingSitar_g14_c02/
677,./VideoDataPath/Archery/v_Archery_g11_c01/
678,./VideoDataPath/JumpRope/v_JumpRope_g23_c05/
679,./VideoDataPath/SalsaSpin/v_SalsaSpin_g01_c04/
680,./VideoDataPath/PlayingSitar/v_PlayingSitar_g20_c01/
681,./VideoDataPath/SoccerPenalty/v_SoccerPenalty_g12_c07/
682,./VideoDataPath/CliffDiving/v_CliffDiving_g20_c01/
683,./VideoDataPath/WallPushups/v_WallPushups_g11_c01/
684,./VideoDataPath/Basketball/v_Basketball_g19_c02/
685,./VideoDataPath/StillRings/v_StillRings_g21_c03/
686,./VideoDataPath/SumoWrestling/v_SumoWrestling_g17_c05/
687,./VideoDataPath/CricketBowling/v_CricketBowling_g09_c02/
688,./VideoDataPath/LongJump/v_LongJump_g24_c04/
689,./VideoDataPath/PlayingGuitar/v_PlayingGuitar_g16_c05/
690,./VideoDataPath/CliffDiving/v_CliffDiving_g04_c01/
691,./VideoDataPath/PlayingGuitar/v_PlayingGuitar_g22_c05/
692,./VideoDataPath/MilitaryParade/v_MilitaryParade_g08_c01/
693,./VideoDataPath/Punch/v_Punch_g11_c06/
694,./VideoDataPath/ThrowDiscus/v_ThrowDiscus_g15_c01/
695,./VideoDataPath/Kayaking/v_Kayaking_g25_c02/
696,./VideoDataPath/LongJump/v_LongJump_g12_c05/
697,./VideoDataPath/BlowDryHair/v_BlowDryHair_g02_c01/
698,./VideoDataPath/BrushingTeeth/v_BrushingTeeth_g19_c04/
699,./VideoDataPath/Archery/v_Archery_g06_c04/
700,./VideoDataPath/GolfSwing/v_GolfSwing_g25_c01/
701,./VideoDataPath/WalkingWithDog/v_WalkingWithDog_g24_c01/
702,./VideoDataPath/Typing/v_Typing_g15_c01/
703,./VideoDataPath/SalsaSpin/v_SalsaSpin_g05_c03/
704,./VideoDataPath/PlayingGuitar/v_PlayingGuitar_g11_c06/
705,./VideoDataPath/Billiards/v_Billiards_g09_c07/
706,./VideoDataPath/ThrowDiscus/v_ThrowDiscus_g12_c01/
707,./VideoDataPath/WalkingWithDog/v_WalkingWithDog_g24_c06/
708,./VideoDataPath/RopeClimbing/v_RopeClimbing_g24_c02/
709,./VideoDataPath/PlayingGuitar/v_PlayingGuitar_g12_c07/
710,./VideoDataPath/SumoWrestling/v_SumoWrestling_g04_c01/
711,./VideoDataPath/BalanceBeam/v_BalanceBeam_g09_c03/
712,./VideoDataPath/PushUps/v_PushUps_g05_c04/
713,./VideoDataPath/PlayingDaf/v_PlayingDaf_g14_c03/
714,./VideoDataPath/Biking/v_Biking_g05_c05/
715,./VideoDataPath/HulaHoop/v_HulaHoop_g24_c01/
716,./VideoDataPath/BalanceBeam/v_BalanceBeam_g10_c04/
717,./VideoDataPath/BlowDryHair/v_BlowDryHair_g15_c03/
718,./VideoDataPath/WritingOnBoard/v_WritingOnBoard_g09_c01/
719,./VideoDataPath/WallPushups/v_WallPushups_g20_c06/
720,./VideoDataPath/Knitting/v_Knitting_g15_c05/
721,./VideoDataPath/Diving/v_Diving_g12_c05/
722,./VideoDataPath/ApplyEyeMakeup/v_ApplyEyeMakeup_g17_c03/
723,./VideoDataPath/RopeClimbing/v_RopeClimbing_g03_c03/
724,./VideoDataPath/BrushingTeeth/v_BrushingTeeth_g23_c04/
725,./VideoDataPath/Diving/v_Diving_g08_c04/
726,./VideoDataPath/PommelHorse/v_PommelHorse_g18_c03/
727,./VideoDataPath/HulaHoop/v_HulaHoop_g21_c02/
728,./VideoDataPath/BlowDryHair/v_BlowDryHair_g22_c01/
729,./VideoDataPath/Rowing/v_Rowing_g16_c03/
730,./VideoDataPath/BaseballPitch/v_BaseballPitch_g05_c05/
731,./VideoDataPath/HeadMassage/v_HeadMassage_g14_c02/
732,./VideoDataPath/HorseRiding/v_HorseRiding_g08_c06/
733,./VideoDataPath/GolfSwing/v_GolfSwing_g17_c04/
734,./VideoDataPath/HighJump/v_HighJump_g14_c01/
735,./VideoDataPath/FrisbeeCatch/v_FrisbeeCatch_g07_c02/
736,./VideoDataPath/HorseRace/v_HorseRace_g04_c02/
737,./VideoDataPath/FieldHockeyPenalty/v_FieldHockeyPenalty_g07_c02/
738,./VideoDataPath/FrontCrawl/v_FrontCrawl_g24_c05/
739,./VideoDataPath/HulaHoop/v_HulaHoop_g20_c07/
740,./VideoDataPath/Archery/v_Archery_g22_c04/
741,./VideoDataPath/JugglingBalls/v_JugglingBalls_g01_c04/
742,./VideoDataPath/WritingOnBoard/v_WritingOnBoard_g05_c03/
743,./VideoDataPath/BasketballDunk/v_BasketballDunk_g03_c02/
744,./VideoDataPath/PlayingDhol/v_PlayingDhol_g23_c04/
745,./VideoDataPath/RockClimbingIndoor/v_RockClimbingIndoor_g10_c02/
746,./VideoDataPath/PlayingSitar/v_PlayingSitar_g06_c03/
747,./VideoDataPath/FieldHockeyPenalty/v_FieldHockeyPenalty_g13_c04/
748,./VideoDataPath/YoYo/v_YoYo_g16_c02/
749,./VideoDataPath/LongJump/v_LongJump_g24_c02/
750,./VideoDataPath/PommelHorse/v_PommelHorse_g22_c01/
751,./VideoDataPath/HeadMassage/v_HeadMassage_g15_c06/
752,./VideoDataPath/SalsaSpin/v_SalsaSpin_g24_c04/
753,./VideoDataPath/RopeClimbing/v_RopeClimbing_g02_c03/
754,./VideoDataPath/HandstandWalking/v_HandstandWalking_g05_c03/
755,./VideoDataPath/BasketballDunk/v_BasketballDunk_g09_c02/
756,./VideoDataPath/MilitaryParade/v_MilitaryParade_g16_c02/
757,./VideoDataPath/HeadMassage/v_HeadMassage_g11_c01/
758,./VideoDataPath/PlayingDhol/v_PlayingDhol_g03_c03/
759,./VideoDataPath/RockClimbingIndoor/v_RockClimbingIndoor_g12_c01/
760,./VideoDataPath/ApplyEyeMakeup/v_ApplyEyeMakeup_g06_c01/
761,./VideoDataPath/Hammering/v_Hammering_g12_c02/
762,./VideoDataPath/TableTennisShot/v_TableTennisShot_g24_c07/
763,./VideoDataPath/JumpRope/v_JumpRope_g08_c03/
764,./VideoDataPath/BandMarching/v_BandMarching_g19_c05/
765,./VideoDataPath/TaiChi/v_TaiChi_g02_c04/
766,./VideoDataPath/Bowling/v_Bowling_g19_c05/
767,./VideoDataPath/HulaHoop/v_HulaHoop_g22_c05/
768,./VideoDataPath/CleanAndJerk/v_CleanAndJerk_g10_c04/
769,./VideoDataPath/BenchPress/v_BenchPress_g10_c02/
770,./VideoDataPath/BodyWeightSquats/v_BodyWeightSquats_g16_c01/
771,./VideoDataPath/RockClimbingIndoor/v_RockClimbingIndoor_g21_c05/
772,./VideoDataPath/Knitting/v_Knitting_g15_c06/
773,./VideoDataPath/MilitaryParade/v_MilitaryParade_g11_c03/
774,./VideoDataPath/PizzaTossing/v_PizzaTossing_g17_c01/
775,./VideoDataPath/PullUps/v_PullUps_g23_c04/
776,./VideoDataPath/PommelHorse/v_PommelHorse_g17_c06/
777,./VideoDataPath/Mixing/v_Mixing_g04_c06/
778,./VideoDataPath/ShavingBeard/v_ShavingBeard_g02_c02/
779,./VideoDataPath/Skiing/v_Skiing_g11_c01/
780,./VideoDataPath/BaseballPitch/v_BaseballPitch_g24_c04/
781,./VideoDataPath/ParallelBars/v_ParallelBars_g22_c03/
782,./VideoDataPath/Diving/v_Diving_g25_c01/
783,./VideoDataPath/HighJump/v_HighJump_g15_c03/
784,./VideoDataPath/TrampolineJumping/v_TrampolineJumping_g04_c04/
785,./VideoDataPath/FieldHockeyPenalty/v_FieldHockeyPenalty_g06_c07/
786,./VideoDataPath/BalanceBeam/v_BalanceBeam_g09_c01/
787,./VideoDataPath/Nunchucks/v_Nunchucks_g13_c01/
788,./VideoDataPath/IceDancing/v_IceDancing_g22_c03/
789,./VideoDataPath/BrushingTeeth/v_BrushingTeeth_g07_c03/
790,./VideoDataPath/UnevenBars/v_UnevenBars_g21_c02/
791,./VideoDataPath/Lunges/v_Lunges_g12_c03/
792,./VideoDataPath/PlayingDhol/v_PlayingDhol_g12_c06/
793,./VideoDataPath/PushUps/v_PushUps_g17_c03/
794,./VideoDataPath/HorseRace/v_HorseRace_g15_c03/
795,./VideoDataPath/UnevenBars/v_UnevenBars_g09_c04/
796,./VideoDataPath/TrampolineJumping/v_TrampolineJumping_g14_c01/
797,./VideoDataPath/SalsaSpin/v_SalsaSpin_g11_c06/
798,./VideoDataPath/BandMarching/v_BandMarching_g21_c06/
799,./VideoDataPath/CricketShot/v_CricketShot_g16_c03/
800,./VideoDataPath/LongJump/v_LongJump_g06_c04/
801,./VideoDataPath/PushUps/v_PushUps_g04_c02/
802,./VideoDataPath/BlowingCandles/v_BlowingCandles_g14_c02/
803,./VideoDataPath/Rowing/v_Rowing_g12_c06/
804,./VideoDataPath/TableTennisShot/v_TableTennisShot_g21_c04/
805,./VideoDataPath/ApplyEyeMakeup/v_ApplyEyeMakeup_g13_c04/
806,./VideoDataPath/PushUps/v_PushUps_g25_c02/
807,./VideoDataPath/Skijet/v_Skijet_g10_c01/
808,./VideoDataPath/Rafting/v_Rafting_g12_c04/
809,./VideoDataPath/CliffDiving/v_CliffDiving_g17_c04/
810,./VideoDataPath/SkateBoarding/v_SkateBoarding_g25_c03/
811,./VideoDataPath/ShavingBeard/v_ShavingBeard_g06_c01/
812,./VideoDataPath/HandstandPushups/v_HandStandPushups_g23_c01/
813,./VideoDataPath/Nunchucks/v_Nunchucks_g24_c05/
814,./VideoDataPath/Mixing/v_Mixing_g05_c02/
815,./VideoDataPath/BabyCrawling/v_BabyCrawling_g18_c05/
816,./VideoDataPath/Kayaking/v_Kayaking_g06_c03/
817,./VideoDataPath/BenchPress/v_BenchPress_g01_c03/
818,./VideoDataPath/Lunges/v_Lunges_g21_c03/
819,./VideoDataPath/SkyDiving/v_SkyDiving_g14_c02/
820,./VideoDataPath/Punch/v_Punch_g14_c05/
821,./VideoDataPath/WritingOnBoard/v_WritingOnBoard_g04_c02/
822,./VideoDataPath/SkyDiving/v_SkyDiving_g01_c03/
823,./VideoDataPath/VolleyballSpiking/v_VolleyballSpiking_g11_c05/
824,./VideoDataPath/WritingOnBoard/v_WritingOnBoard_g09_c05/
825,./VideoDataPath/FrontCrawl/v_FrontCrawl_g11_c05/
826,./VideoDataPath/TaiChi/v_TaiChi_g05_c02/
827,./VideoDataPath/PlayingFlute/v_PlayingFlute_g19_c06/
828,./VideoDataPath/PizzaTossing/v_PizzaTossing_g23_c06/
829,./VideoDataPath/SkyDiving/v_SkyDiving_g03_c02/
830,./VideoDataPath/StillRings/v_StillRings_g14_c01/
831,./VideoDataPath/SalsaSpin/v_SalsaSpin_g12_c03/
832,./VideoDataPath/PullUps/v_PullUps_g16_c02/
833,./VideoDataPath/BodyWeightSquats/v_BodyWeightSquats_g23_c03/
834,./VideoDataPath/UnevenBars/v_UnevenBars_g08_c04/
835,./VideoDataPath/CricketShot/v_CricketShot_g06_c03/
836,./VideoDataPath/HeadMassage/v_HeadMassage_g03_c03/
837,./VideoDataPath/BabyCrawling/v_BabyCrawling_g21_c03/
838,./VideoDataPath/Surfing/v_Surfing_g16_c07/
839,./VideoDataPath/BabyCrawling/v_BabyCrawling_g02_c04/
840,./VideoDataPath/PlayingTabla/v_PlayingTabla_g11_c02/
841,./VideoDataPath/YoYo/v_YoYo_g12_c03/
842,./VideoDataPath/CricketShot/v_CricketShot_g18_c05/
843,./VideoDataPath/PlayingPiano/v_PlayingPiano_g11_c04/
844,./VideoDataPath/HorseRace/v_HorseRace_g04_c01/
845,./VideoDataPath/WalkingWithDog/v_WalkingWithDog_g09_c01/
846,./VideoDataPath/TableTennisShot/v_TableTennisShot_g05_c07/
847,./VideoDataPath/Punch/v_Punch_g13_c04/
848,./VideoDataPath/ThrowDiscus/v_ThrowDiscus_g11_c02/
849,./VideoDataPath/Nunchucks/v_Nunchucks_g03_c05/
850,./VideoDataPath/Fencing/v_Fencing_g06_c03/
851,./VideoDataPath/BabyCrawling/v_BabyCrawling_g09_c02/
852,./VideoDataPath/CliffDiving/v_CliffDiving_g01_c04/
853,./VideoDataPath/HighJump/v_HighJump_g05_c05/
854,./VideoDataPath/CleanAndJerk/v_CleanAndJerk_g24_c01/
855,./VideoDataPath/Knitting/v_Knitting_g18_c01/
856,./VideoDataPath/GolfSwing/v_GolfSwing_g08_c01/
857,./VideoDataPath/SalsaSpin/v_SalsaSpin_g10_c01/
858,./VideoDataPath/Knitting/v_Knitting_g13_c04/
859,./VideoDataPath/BoxingSpeedBag/v_BoxingSpeedBag_g12_c02/
860,./VideoDataPath/Rafting/v_Rafting_g21_c01/
861,./VideoDataPath/Shotput/v_Shotput_g06_c06/
862,./VideoDataPath/Skijet/v_Skijet_g02_c04/
863,./VideoDataPath/ShavingBeard/v_ShavingBeard_g21_c07/
864,./VideoDataPath/FrontCrawl/v_FrontCrawl_g10_c05/
865,./VideoDataPath/Biking/v_Biking_g11_c02/
866,./VideoDataPath/Skiing/v_Skiing_g06_c05/
867,./VideoDataPath/SoccerJuggling/v_SoccerJuggling_g11_c01/
868,./VideoDataPath/JumpRope/v_JumpRope_g10_c03/
869,./VideoDataPath/PizzaTossing/v_PizzaTossing_g20_c02/
870,./VideoDataPath/Skijet/v_Skijet_g24_c03/
871,./VideoDataPath/PoleVault/v_PoleVault_g10_c07/
872,./VideoDataPath/ApplyEyeMakeup/v_ApplyEyeMakeup_g13_c06/
873,./VideoDataPath/SoccerJuggling/v_SoccerJuggling_g03_c01/
874,./VideoDataPath/HighJump/v_HighJump_g19_c02/
875,./VideoDataPath/HulaHoop/v_HulaHoop_g25_c02/
876,./VideoDataPath/JumpingJack/v_JumpingJack_g25_c07/
877,./VideoDataPath/WritingOnBoard/v_WritingOnBoard_g22_c07/
878,./VideoDataPath/ParallelBars/v_ParallelBars_g20_c03/
879,./VideoDataPath/Hammering/v_Hammering_g14_c04/
880,./VideoDataPath/JumpingJack/v_JumpingJack_g01_c05/
881,./VideoDataPath/ApplyEyeMakeup/v_ApplyEyeMakeup_g19_c04/
882,./VideoDataPath/Biking/v_Biking_g17_c06/
883,./VideoDataPath/PullUps/v_PullUps_g10_c02/
884,./VideoDataPath/Punch/v_Punch_g25_c06/
885,./VideoDataPath/TableTennisShot/v_TableTennisShot_g04_c02/
886,./VideoDataPath/Archery/v_Archery_g13_c04/
887,./VideoDataPath/Swing/v_Swing_g14_c03/
888,./VideoDataPath/BlowingCandles/v_BlowingCandles_g01_c01/
889,./VideoDataPath/Basketball/v_Basketball_g19_c06/
890,./VideoDataPath/HandstandPushups/v_HandStandPushups_g20_c04/
891,./VideoDataPath/PushUps/v_PushUps_g13_c01/
892,./VideoDataPath/CricketShot/v_CricketShot_g06_c06/
893,./VideoDataPath/Hammering/v_Hammering_g04_c02/
894,./VideoDataPath/BlowDryHair/v_BlowDryHair_g19_c01/
895,./VideoDataPath/FloorGymnastics/v_FloorGymnastics_g20_c01/
896,./VideoDataPath/ApplyLipstick/v_ApplyLipstick_g15_c01/
897,./VideoDataPath/Skijet/v_Skijet_g20_c01/
898,./VideoDataPath/RopeClimbing/v_RopeClimbing_g23_c01/
899,./VideoDataPath/CricketShot/v_CricketShot_g23_c01/
900,./VideoDataPath/Swing/v_Swing_g05_c01/
901,./VideoDataPath/BenchPress/v_BenchPress_g04_c07/
902,./VideoDataPath/TennisSwing/v_TennisSwing_g09_c02/
903,./VideoDataPath/CleanAndJerk/v_CleanAndJerk_g19_c03/
904,./VideoDataPath/ApplyEyeMakeup/v_ApplyEyeMakeup_g20_c01/
905,./VideoDataPath/HighJump/v_HighJump_g23_c05/
906,./VideoDataPath/PlayingGuitar/v_PlayingGuitar_g11_c04/
907,./VideoDataPath/CliffDiving/v_CliffDiving_g16_c04/
908,./VideoDataPath/HeadMassage/v_HeadMassage_g11_c06/
909,./VideoDataPath/SalsaSpin/v_SalsaSpin_g22_c05/
910,./VideoDataPath/Knitting/v_Knitting_g02_c05/
911,./VideoDataPath/ApplyEyeMakeup/v_ApplyEyeMakeup_g16_c03/
912,./VideoDataPath/TrampolineJumping/v_TrampolineJumping_g14_c04/
913,./VideoDataPath/JumpRope/v_JumpRope_g02_c06/
914,./VideoDataPath/BasketballDunk/v_BasketballDunk_g07_c04/
915,./VideoDataPath/CricketShot/v_CricketShot_g03_c01/
916,./VideoDataPath/PlayingGuitar/v_PlayingGuitar_g21_c06/
917,./VideoDataPath/ShavingBeard/v_ShavingBeard_g04_c04/
918,./VideoDataPath/BoxingPunchingBag/v_BoxingPunchingBag_g22_c05/
919,./VideoDataPath/WalkingWithDog/v_WalkingWithDog_g16_c04/
920,./VideoDataPath/BasketballDunk/v_BasketballDunk_g08_c03/
921,./VideoDataPath/WalkingWithDog/v_WalkingWithDog_g02_c03/
922,./VideoDataPath/SkyDiving/v_SkyDiving_g21_c01/
923,./VideoDataPath/MilitaryParade/v_MilitaryParade_g19_c07/
924,./VideoDataPath/TaiChi/v_TaiChi_g24_c04/
925,./VideoDataPath/PlayingDaf/v_PlayingDaf_g17_c01/
926,./VideoDataPath/HulaHoop/v_HulaHoop_g14_c03/
927,./VideoDataPath/BrushingTeeth/v_BrushingTeeth_g11_c02/
928,./VideoDataPath/UnevenBars/v_UnevenBars_g19_c02/
929,./VideoDataPath/MoppingFloor/v_MoppingFloor_g15_c04/
930,./VideoDataPath/PullUps/v_PullUps_g06_c01/
931,./VideoDataPath/CuttingInKitchen/v_CuttingInKitchen_g13_c03/
932,./VideoDataPath/CuttingInKitchen/v_CuttingInKitchen_g01_c02/
933,./VideoDataPath/LongJump/v_LongJump_g20_c02/
934,./VideoDataPath/BandMarching/v_BandMarching_g14_c04/
935,./VideoDataPath/BenchPress/v_BenchPress_g13_c02/
936,./VideoDataPath/FrisbeeCatch/v_FrisbeeCatch_g09_c02/
937,./VideoDataPath/MoppingFloor/v_MoppingFloor_g23_c01/
938,./VideoDataPath/FieldHockeyPenalty/v_FieldHockeyPenalty_g10_c01/
939,./VideoDataPath/BabyCrawling/v_BabyCrawling_g07_c03/
940,./VideoDataPath/IceDancing/v_IceDancing_g08_c02/
941,./VideoDataPath/Shotput/v_Shotput_g11_c07/
942,./VideoDataPath/RopeClimbing/v_RopeClimbing_g13_c01/
943,./VideoDataPath/PlayingDaf/v_PlayingDaf_g07_c05/
944,./VideoDataPath/IceDancing/v_IceDancing_g23_c01/
945,./VideoDataPath/Drumming/v_Drumming_g22_c02/
946,./VideoDataPath/CliffDiving/v_CliffDiving_g15_c03/
947,./VideoDataPath/PlayingCello/v_PlayingCello_g16_c04/
948,./VideoDataPath/CleanAndJerk/v_CleanAndJerk_g16_c02/
949,./VideoDataPath/JumpingJack/v_JumpingJack_g07_c02/
950,./VideoDataPath/HulaHoop/v_HulaHoop_g18_c03/
951,./VideoDataPath/BandMarching/v_BandMarching_g16_c05/
952,./VideoDataPath/FrisbeeCatch/v_FrisbeeCatch_g17_c02/
953,./VideoDataPath/PlayingDaf/v_PlayingDaf_g19_c02/
954,./VideoDataPath/ParallelBars/v_ParallelBars_g05_c05/
955,./VideoDataPath/TaiChi/v_TaiChi_g05_c04/
956,./VideoDataPath/WritingOnBoard/v_WritingOnBoard_g15_c05/
957,./VideoDataPath/PlayingDhol/v_PlayingDhol_g17_c01/
958,./VideoDataPath/BoxingSpeedBag/v_BoxingSpeedBag_g13_c01/
959,./VideoDataPath/SoccerPenalty/v_SoccerPenalty_g06_c03/
960,./VideoDataPath/PlayingSitar/v_PlayingSitar_g09_c03/
961,./VideoDataPath/Rowing/v_Rowing_g02_c02/
962,./VideoDataPath/BalanceBeam/v_BalanceBeam_g06_c03/
963,./VideoDataPath/HandstandWalking/v_HandstandWalking_g23_c01/
964,./VideoDataPath/ShavingBeard/v_ShavingBeard_g15_c02/
965,./VideoDataPath/SoccerJuggling/v_SoccerJuggling_g15_c01/
966,./VideoDataPath/Biking/v_Biking_g21_c07/
967,./VideoDataPath/Drumming/v_Drumming_g05_c06/
968,./VideoDataPath/SoccerPenalty/v_SoccerPenalty_g03_c02/
969,./VideoDataPath/ShavingBeard/v_ShavingBeard_g01_c03/
970,./VideoDataPath/ApplyLipstick/v_ApplyLipstick_g06_c03/
971,./VideoDataPath/HorseRace/v_HorseRace_g11_c03/
972,./VideoDataPath/BandMarching/v_BandMarching_g21_c01/
973,./VideoDataPath/FieldHockeyPenalty/v_FieldHockeyPenalty_g15_c01/
974,./VideoDataPath/TableTennisShot/v_TableTennisShot_g18_c02/
975,./VideoDataPath/CliffDiving/v_CliffDiving_g18_c04/
976,./VideoDataPath/Mixing/v_Mixing_g06_c06/
977,./VideoDataPath/WalkingWithDog/v_WalkingWithDog_g23_c02/
978,./VideoDataPath/Billiards/v_Billiards_g17_c02/
979,./VideoDataPath/CliffDiving/v_CliffDiving_g01_c06/
980,./VideoDataPath/Typing/v_Typing_g01_c07/
981,./VideoDataPath/BodyWeightSquats/v_BodyWeightSquats_g20_c04/
982,./VideoDataPath/JumpingJack/v_JumpingJack_g01_c03/
983,./VideoDataPath/Swing/v_Swing_g07_c06/
984,./VideoDataPath/BlowingCandles/v_BlowingCandles_g17_c04/
985,./VideoDataPath/Swing/v_Swing_g06_c04/
986,./VideoDataPath/Punch/v_Punch_g24_c05/
987,./VideoDataPath/SoccerJuggling/v_SoccerJuggling_g18_c01/
988,./VideoDataPath/HammerThrow/v_HammerThrow_g20_c05/
989,./VideoDataPath/ShavingBeard/v_ShavingBeard_g23_c05/
990,./VideoDataPath/Skijet/v_Skijet_g09_c02/
991,./VideoDataPath/CliffDiving/v_CliffDiving_g17_c01/
992,./VideoDataPath/HeadMassage/v_HeadMassage_g12_c02/
993,./VideoDataPath/GolfSwing/v_GolfSwing_g16_c04/
994,./VideoDataPath/Rowing/v_Rowing_g20_c04/
995,./VideoDataPath/SkyDiving/v_SkyDiving_g18_c01/
996,./VideoDataPath/CleanAndJerk/v_CleanAndJerk_g24_c02/
997,./VideoDataPath/CleanAndJerk/v_CleanAndJerk_g22_c03/
998,./VideoDataPath/Billiards/v_Billiards_g01_c05/
999,./VideoDataPath/SkateBoarding/v_SkateBoarding_g01_c04/
1000,./VideoDataPath/BasketballDunk/v_BasketballDunk_g13_c04/
1001,./VideoDataPath/Kayaking/v_Kayaking_g10_c02/
1002,./VideoDataPath/BalanceBeam/v_BalanceBeam_g12_c04/
1003,./VideoDataPath/BasketballDunk/v_BasketballDunk_g01_c03/
1004,./VideoDataPath/FrisbeeCatch/v_FrisbeeCatch_g06_c05/
1005,./VideoDataPath/HorseRiding/v_HorseRiding_g17_c04/
1006,./VideoDataPath/ShavingBeard/v_ShavingBeard_g04_c02/
1007,./VideoDataPath/FrisbeeCatch/v_FrisbeeCatch_g10_c06/
1008,./VideoDataPath/Biking/v_Biking_g17_c03/
1009,./VideoDataPath/HammerThrow/v_HammerThrow_g14_c06/
1010,./VideoDataPath/ApplyLipstick/v_ApplyLipstick_g23_c03/
1011,./VideoDataPath/CricketShot/v_CricketShot_g12_c05/
1012,./VideoDataPath/BreastStroke/v_BreastStroke_g24_c03/
1013,./VideoDataPath/HandstandWalking/v_HandstandWalking_g24_c04/
1014,./VideoDataPath/LongJump/v_LongJump_g08_c03/
1015,./VideoDataPath/BabyCrawling/v_BabyCrawling_g16_c01/
1016,./VideoDataPath/PushUps/v_PushUps_g01_c02/
1017,./VideoDataPath/PoleVault/v_PoleVault_g20_c01/
1018,./VideoDataPath/PlayingGuitar/v_PlayingGuitar_g19_c04/
1019,./VideoDataPath/CricketBowling/v_CricketBowling_g11_c06/
1020,./VideoDataPath/PlayingGuitar/v_PlayingGuitar_g07_c01/
1021,./VideoDataPath/MilitaryParade/v_MilitaryParade_g19_c02/
1022,./VideoDataPath/BlowDryHair/v_BlowDryHair_g12_c03/
1023,./VideoDataPath/BaseballPitch/v_BaseballPitch_g11_c03/
1024,./VideoDataPath/Typing/v_Typing_g20_c03/
1025,./VideoDataPath/PlayingDhol/v_PlayingDhol_g04_c06/
1026,./VideoDataPath/JumpRope/v_JumpRope_g07_c02/
1027,./VideoDataPath/Typing/v_Typing_g06_c04/
1028,./VideoDataPath/Hammering/v_Hammering_g21_c06/
1029,./VideoDataPath/PlayingDaf/v_PlayingDaf_g13_c02/
1030,./VideoDataPath/BandMarching/v_BandMarching_g11_c05/
1031,./VideoDataPath/PlayingSitar/v_PlayingSitar_g04_c01/
1032,./VideoDataPath/Biking/v_Biking_g14_c04/
1033,./VideoDataPath/Knitting/v_Knitting_g13_c03/
1034,./VideoDataPath/Rowing/v_Rowing_g02_c03/
1035,./VideoDataPath/UnevenBars/v_UnevenBars_g11_c02/
1036,./VideoDataPath/FrisbeeCatch/v_FrisbeeCatch_g11_c01/
1037,./VideoDataPath/BenchPress/v_BenchPress_g12_c07/
1038,./VideoDataPath/SkateBoarding/v_SkateBoarding_g09_c01/
1039,./VideoDataPath/PlayingCello/v_PlayingCello_g11_c01/
1040,./VideoDataPath/PlayingFlute/v_PlayingFlute_g01_c07/
1041,./VideoDataPath/WritingOnBoard/v_WritingOnBoard_g18_c01/
1042,./VideoDataPath/Billiards/v_Billiards_g04_c03/
1043,./VideoDataPath/Basketball/v_Basketball_g13_c02/
1044,./VideoDataPath/Drumming/v_Drumming_g01_c06/
1045,./VideoDataPath/YoYo/v_YoYo_g16_c04/
1046,./VideoDataPath/Biking/v_Biking_g05_c01/
1047,./VideoDataPath/WallPushups/v_WallPushups_g01_c02/
1048,./VideoDataPath/TableTennisShot/v_TableTennisShot_g04_c05/
1049,./VideoDataPath/YoYo/v_YoYo_g08_c03/
1050,./VideoDataPath/SalsaSpin/v_SalsaSpin_g17_c02/
1051,./VideoDataPath/CleanAndJerk/v_CleanAndJerk_g01_c01/
1052,./VideoDataPath/BlowDryHair/v_BlowDryHair_g11_c07/
1053,./VideoDataPath/Punch/v_Punch_g11_c03/
1054,./VideoDataPath/TennisSwing/v_TennisSwing_g09_c04/
1055,./VideoDataPath/PlayingPiano/v_PlayingPiano_g04_c03/
1056,./VideoDataPath/RockClimbingIndoor/v_RockClimbingIndoor_g19_c04/
1057,./VideoDataPath/FrisbeeCatch/v_FrisbeeCatch_g25_c01/
1058,./VideoDataPath/Kayaking/v_Kayaking_g04_c04/
1059,./VideoDataPath/FrontCrawl/v_FrontCrawl_g01_c03/
1060,./VideoDataPath/CliffDiving/v_CliffDiving_g03_c05/
1061,./VideoDataPath/Surfing/v_Surfing_g08_c02/
1062,./VideoDataPath/Billiards/v_Billiards_g18_c01/
1063,./VideoDataPath/BlowingCandles/v_BlowingCandles_g20_c03/
1064,./VideoDataPath/YoYo/v_YoYo_g17_c05/
1065,./VideoDataPath/BasketballDunk/v_BasketballDunk_g21_c01/
1066,./VideoDataPath/BrushingTeeth/v_BrushingTeeth_g22_c06/
1067,./VideoDataPath/StillRings/v_StillRings_g05_c01/
1068,./VideoDataPath/PushUps/v_PushUps_g21_c01/
1069,./VideoDataPath/Kayaking/v_Kayaking_g15_c06/
1070,./VideoDataPath/Fencing/v_Fencing_g09_c05/
1071,./VideoDataPath/Archery/v_Archery_g24_c02/
1072,./VideoDataPath/Rowing/v_Rowing_g20_c02/
1073,./VideoDataPath/SalsaSpin/v_SalsaSpin_g20_c04/
1074,./VideoDataPath/FloorGymnastics/v_FloorGymnastics_g09_c02/
1075,./VideoDataPath/PlayingDhol/v_PlayingDhol_g23_c02/
1076,./VideoDataPath/VolleyballSpiking/v_VolleyballSpiking_g18_c03/
1077,./VideoDataPath/SalsaSpin/v_SalsaSpin_g16_c03/
1078,./VideoDataPath/StillRings/v_StillRings_g21_c05/
1079,./VideoDataPath/CliffDiving/v_CliffDiving_g12_c01/
1080,./VideoDataPath/JugglingBalls/v_JugglingBalls_g23_c02/
1081,./VideoDataPath/CricketShot/v_CricketShot_g07_c07/
1082,./VideoDataPath/BodyWeightSquats/v_BodyWeightSquats_g23_c02/
1083,./VideoDataPath/HeadMassage/v_HeadMassage_g03_c04/
1084,./VideoDataPath/HammerThrow/v_HammerThrow_g03_c03/
1085,./VideoDataPath/BasketballDunk/v_BasketballDunk_g15_c07/
1086,./VideoDataPath/VolleyballSpiking/v_VolleyballSpiking_g01_c04/
1087,./VideoDataPath/BoxingSpeedBag/v_BoxingSpeedBag_g04_c07/
1088,./VideoDataPath/Archery/v_Archery_g08_c04/
1089,./VideoDataPath/CliffDiving/v_CliffDiving_g21_c02/
1090,./VideoDataPath/Rowing/v_Rowing_g04_c06/
1091,./VideoDataPath/Knitting/v_Knitting_g15_c03/
1092,./VideoDataPath/BrushingTeeth/v_BrushingTeeth_g07_c05/
1093,./VideoDataPath/SkateBoarding/v_SkateBoarding_g16_c03/
1094,./VideoDataPath/WritingOnBoard/v_WritingOnBoard_g25_c07/
1095,./VideoDataPath/Nunchucks/v_Nunchucks_g09_c01/
1096,./VideoDataPath/ShavingBeard/v_ShavingBeard_g05_c01/
1097,./VideoDataPath/ParallelBars/v_ParallelBars_g24_c04/
1098,./VideoDataPath/Bowling/v_Bowling_g20_c05/
1099,./VideoDataPath/PlayingSitar/v_PlayingSitar_g21_c06/
1100,./VideoDataPath/Biking/v_Biking_g14_c03/
1101,./VideoDataPath/BlowingCandles/v_BlowingCandles_g24_c03/
1102,./VideoDataPath/SkyDiving/v_SkyDiving_g04_c02/
1103,./VideoDataPath/WalkingWithDog/v_WalkingWithDog_g14_c04/
1104,./VideoDataPath/BabyCrawling/v_BabyCrawling_g16_c02/
1105,./VideoDataPath/PlayingDhol/v_PlayingDhol_g02_c02/
1106,./VideoDataPath/BaseballPitch/v_BaseballPitch_g15_c02/
1107,./VideoDataPath/PlayingFlute/v_PlayingFlute_g25_c02/
1108,./VideoDataPath/LongJump/v_LongJump_g19_c05/
1109,./VideoDataPath/Archery/v_Archery_g24_c05/
1110,./VideoDataPath/GolfSwing/v_GolfSwing_g11_c05/
1111,./VideoDataPath/PlayingDhol/v_PlayingDhol_g11_c02/
1112,./VideoDataPath/Archery/v_Archery_g02_c06/
1113,./VideoDataPath/Basketball/v_Basketball_g22_c01/
1114,./VideoDataPath/TennisSwing/v_TennisSwing_g07_c06/
1115,./VideoDataPath/HandstandWalking/v_HandstandWalking_g21_c03/
1116,./VideoDataPath/Lunges/v_Lunges_g08_c04/
1117,./VideoDataPath/PizzaTossing/v_PizzaTossing_g08_c03/
1118,./VideoDataPath/PlayingGuitar/v_PlayingGuitar_g25_c07/
1119,./VideoDataPath/SalsaSpin/v_SalsaSpin_g14_c03/
1120,./VideoDataPath/Mixing/v_Mixing_g17_c03/
1121,./VideoDataPath/PoleVault/v_PoleVault_g02_c05/
1122,./VideoDataPath/BandMarching/v_BandMarching_g18_c04/
1123,./VideoDataPath/PlayingCello/v_PlayingCello_g11_c04/
1124,./VideoDataPath/HorseRace/v_HorseRace_g10_c01/
1125,./VideoDataPath/Swing/v_Swing_g18_c02/
1126,./VideoDataPath/YoYo/v_YoYo_g10_c03/
1127,./VideoDataPath/Lunges/v_Lunges_g11_c07/
1128,./VideoDataPath/Punch/v_Punch_g06_c04/
1129,./VideoDataPath/JumpRope/v_JumpRope_g10_c01/
1130,./VideoDataPath/BandMarching/v_BandMarching_g13_c01/
1131,./VideoDataPath/PommelHorse/v_PommelHorse_g08_c01/
1132,./VideoDataPath/SumoWrestling/v_SumoWrestling_g12_c01/
1133,./VideoDataPath/Bowling/v_Bowling_g15_c06/
1134,./VideoDataPath/BandMarching/v_BandMarching_g07_c03/
1135,./VideoDataPath/Fencing/v_Fencing_g09_c03/
1136,./VideoDataPath/BlowingCandles/v_BlowingCandles_g14_c04/
1137,./VideoDataPath/Rowing/v_Rowing_g13_c06/
1138,./VideoDataPath/UnevenBars/v_UnevenBars_g02_c01/
1139,./VideoDataPath/PlayingDhol/v_PlayingDhol_g15_c04/
1140,./VideoDataPath/Fencing/v_Fencing_g02_c02/
1141,./VideoDataPath/RopeClimbing/v_RopeClimbing_g11_c03/
1142,./VideoDataPath/BasketballDunk/v_BasketballDunk_g16_c06/
1143,./VideoDataPath/Diving/v_Diving_g02_c02/
1144,./VideoDataPath/PlayingTabla/v_PlayingTabla_g15_c01/
1145,./VideoDataPath/CuttingInKitchen/v_CuttingInKitchen_g10_c02/
1146,./VideoDataPath/HighJump/v_HighJump_g02_c03/
1147,./VideoDataPath/Hammering/v_Hammering_g08_c01/
1148,./VideoDataPath/Mixing/v_Mixing_g22_c03/
1149,./VideoDataPath/Typing/v_Typing_g14_c06/
1150,./VideoDataPath/BoxingSpeedBag/v_BoxingSpeedBag_g01_c03/
1151,./VideoDataPath/CricketShot/v_CricketShot_g10_c05/
1152,./VideoDataPath/Punch/v_Punch_g07_c07/
1153,./VideoDataPath/BenchPress/v_BenchPress_g06_c01/
1154,./VideoDataPath/PlayingTabla/v_PlayingTabla_g16_c02/
1155,./VideoDataPath/RopeClimbing/v_RopeClimbing_g02_c02/
1156,./VideoDataPath/PlayingDhol/v_PlayingDhol_g06_c03/
1157,./VideoDataPath/BabyCrawling/v_BabyCrawling_g25_c05/
1158,./VideoDataPath/SalsaSpin/v_SalsaSpin_g12_c01/
1159,./VideoDataPath/Mixing/v_Mixing_g10_c03/
1160,./VideoDataPath/SoccerJuggling/v_SoccerJuggling_g07_c01/
1161,./VideoDataPath/PizzaTossing/v_PizzaTossing_g03_c03/
1162,./VideoDataPath/Rafting/v_Rafting_g11_c01/
1163,./VideoDataPath/BasketballDunk/v_BasketballDunk_g11_c03/
1164,./VideoDataPath/Typing/v_Typing_g12_c01/
1165,./VideoDataPath/JumpRope/v_JumpRope_g04_c04/
1166,./VideoDataPath/BasketballDunk/v_BasketballDunk_g15_c01/
1167,./VideoDataPath/HorseRiding/v_HorseRiding_g24_c02/
1168,./VideoDataPath/Punch/v_Punch_g25_c02/
1169,./VideoDataPath/PlayingPiano/v_PlayingPiano_g20_c04/
1170,./VideoDataPath/ParallelBars/v_ParallelBars_g05_c04/
1171,./VideoDataPath/CleanAndJerk/v_CleanAndJerk_g22_c02/
1172,./VideoDataPath/HorseRiding/v_HorseRiding_g07_c06/
1173,./VideoDataPath/FloorGymnastics/v_FloorGymnastics_g12_c01/
1174,./VideoDataPath/FrontCrawl/v_FrontCrawl_g23_c04/
1175,./VideoDataPath/LongJump/v_LongJump_g17_c03/
1176,./VideoDataPath/Skijet/v_Skijet_g03_c01/
1177,./VideoDataPath/PlayingDhol/v_PlayingDhol_g25_c03/
1178,./VideoDataPath/PlayingDhol/v_PlayingDhol_g01_c06/
1179,./VideoDataPath/PlayingPiano/v_PlayingPiano_g22_c03/
1180,./VideoDataPath/JumpingJack/v_JumpingJack_g21_c04/
1181,./VideoDataPath/IceDancing/v_IceDancing_g18_c02/
1182,./VideoDataPath/IceDancing/v_IceDancing_g12_c02/
1183,./VideoDataPath/PlayingViolin/v_PlayingViolin_g10_c01/
1184,./VideoDataPath/CricketShot/v_CricketShot_g25_c05/
1185,./VideoDataPath/Drumming/v_Drumming_g08_c03/
1186,./VideoDataPath/FrisbeeCatch/v_FrisbeeCatch_g14_c01/
1187,./VideoDataPath/MoppingFloor/v_MoppingFloor_g04_c02/
1188,./VideoDataPath/Biking/v_Biking_g02_c04/
1189,./VideoDataPath/GolfSwing/v_GolfSwing_g22_c01/
1190,./VideoDataPath/GolfSwing/v_GolfSwing_g11_c06/
1191,./VideoDataPath/BodyWeightSquats/v_BodyWeightSquats_g07_c04/
1192,./VideoDataPath/Billiards/v_Billiards_g01_c02/
1193,./VideoDataPath/CricketShot/v_CricketShot_g06_c01/
1194,./VideoDataPath/TrampolineJumping/v_TrampolineJumping_g15_c03/
1195,./VideoDataPath/CricketShot/v_CricketShot_g19_c01/
1196,./VideoDataPath/Skijet/v_Skijet_g03_c03/
1197,./VideoDataPath/WallPushups/v_WallPushups_g12_c01/
1198,./VideoDataPath/CliffDiving/v_CliffDiving_g16_c02/
1199,./VideoDataPath/BabyCrawling/v_BabyCrawling_g17_c01/
1200,./VideoDataPath/CricketShot/v_CricketShot_g24_c05/
1201,./VideoDataPath/PlayingDaf/v_PlayingDaf_g16_c03/
1202,./VideoDataPath/PoleVault/v_PoleVault_g15_c02/
1203,./VideoDataPath/IceDancing/v_IceDancing_g24_c03/
1204,./VideoDataPath/SumoWrestling/v_SumoWrestling_g04_c04/
1205,./VideoDataPath/Skiing/v_Skiing_g25_c04/
1206,./VideoDataPath/Billiards/v_Billiards_g02_c07/
1207,./VideoDataPath/HeadMassage/v_HeadMassage_g13_c01/
1208,./VideoDataPath/HandstandPushups/v_HandStandPushups_g18_c02/
1209,./VideoDataPath/ParallelBars/v_ParallelBars_g06_c01/
1210,./VideoDataPath/CleanAndJerk/v_CleanAndJerk_g25_c03/
1211,./VideoDataPath/MoppingFloor/v_MoppingFloor_g24_c04/
1212,./VideoDataPath/BlowingCandles/v_BlowingCandles_g18_c02/
1213,./VideoDataPath/Shotput/v_Shotput_g07_c05/
1214,./VideoDataPath/TaiChi/v_TaiChi_g15_c03/
1215,./VideoDataPath/WritingOnBoard/v_WritingOnBoard_g01_c04/
1216,./VideoDataPath/CricketBowling/v_CricketBowling_g18_c04/
1217,./VideoDataPath/SkateBoarding/v_SkateBoarding_g15_c06/
1218,./VideoDataPath/YoYo/v_YoYo_g06_c04/
1219,./VideoDataPath/ApplyLipstick/v_ApplyLipstick_g19_c03/
1220,./VideoDataPath/PullUps/v_PullUps_g18_c04/
1221,./VideoDataPath/WalkingWithDog/v_WalkingWithDog_g03_c05/
1222,./VideoDataPath/BalanceBeam/v_BalanceBeam_g20_c01/
1223,./VideoDataPath/CliffDiving/v_CliffDiving_g14_c05/
1224,./VideoDataPath/BrushingTeeth/v_BrushingTeeth_g14_c04/
1225,./VideoDataPath/StillRings/v_StillRings_g01_c02/
1226,./VideoDataPath/HandstandWalking/v_HandstandWalking_g13_c04/
1227,./VideoDataPath/FloorGymnastics/v_FloorGymnastics_g17_c02/
1228,./VideoDataPath/Drumming/v_Drumming_g06_c02/
1229,./VideoDataPath/SalsaSpin/v_SalsaSpin_g03_c04/
1230,./VideoDataPath/BrushingTeeth/v_BrushingTeeth_g18_c04/
1231,./VideoDataPath/SumoWrestling/v_SumoWrestling_g18_c05/
1232,./VideoDataPath/WritingOnBoard/v_WritingOnBoard_g21_c06/
1233,./VideoDataPath/WritingOnBoard/v_WritingOnBoard_g24_c02/
1234,./VideoDataPath/PullUps/v_PullUps_g08_c01/
1235,./VideoDataPath/HorseRiding/v_HorseRiding_g10_c07/
1236,./VideoDataPath/TennisSwing/v_TennisSwing_g14_c03/
1237,./VideoDataPath/FieldHockeyPenalty/v_FieldHockeyPenalty_g18_c03/
1238,./VideoDataPath/GolfSwing/v_GolfSwing_g03_c06/
1239,./VideoDataPath/PizzaTossing/v_PizzaTossing_g01_c04/
1240,./VideoDataPath/TaiChi/v_TaiChi_g14_c04/
1241,./VideoDataPath/PlayingTabla/v_PlayingTabla_g25_c02/
1242,./VideoDataPath/HammerThrow/v_HammerThrow_g13_c03/
1243,./VideoDataPath/Punch/v_Punch_g23_c03/
1244,./VideoDataPath/SalsaSpin/v_SalsaSpin_g13_c03/
1245,./VideoDataPath/BalanceBeam/v_BalanceBeam_g10_c01/
1246,./VideoDataPath/Bowling/v_Bowling_g03_c02/
1247,./VideoDataPath/Kayaking/v_Kayaking_g10_c03/
1248,./VideoDataPath/ShavingBeard/v_ShavingBeard_g20_c03/
1249,./VideoDataPath/SkateBoarding/v_SkateBoarding_g10_c04/
1250,./VideoDataPath/BlowingCandles/v_BlowingCandles_g12_c04/
1251,./VideoDataPath/Kayaking/v_Kayaking_g08_c05/
1252,./VideoDataPath/ShavingBeard/v_ShavingBeard_g15_c05/
1253,./VideoDataPath/Rafting/v_Rafting_g03_c02/
1254,./VideoDataPath/BlowingCandles/v_BlowingCandles_g11_c01/
1255,./VideoDataPath/SumoWrestling/v_SumoWrestling_g08_c01/
1256,./VideoDataPath/Diving/v_Diving_g23_c05/
1257,./VideoDataPath/PoleVault/v_PoleVault_g16_c06/
1258,./VideoDataPath/Bowling/v_Bowling_g15_c05/
1259,./VideoDataPath/PlayingFlute/v_PlayingFlute_g10_c03/
1260,./VideoDataPath/HandstandPushups/v_HandStandPushups_g16_c04/
1261,./VideoDataPath/LongJump/v_LongJump_g01_c02/
1262,./VideoDataPath/Surfing/v_Surfing_g19_c03/
1263,./VideoDataPath/Basketball/v_Basketball_g18_c01/
1264,./VideoDataPath/BandMarching/v_BandMarching_g13_c05/
1265,./VideoDataPath/JumpingJack/v_JumpingJack_g08_c04/
1266,./VideoDataPath/LongJump/v_LongJump_g20_c04/
1267,./VideoDataPath/Haircut/v_Haircut_g03_c03/
1268,./VideoDataPath/CuttingInKitchen/v_CuttingInKitchen_g25_c03/
1269,./VideoDataPath/BlowDryHair/v_BlowDryHair_g14_c03/
1270,./VideoDataPath/GolfSwing/v_GolfSwing_g01_c05/
1271,./VideoDataPath/HorseRace/v_HorseRace_g02_c03/
1272,./VideoDataPath/BlowDryHair/v_BlowDryHair_g03_c04/
1273,./VideoDataPath/BaseballPitch/v_BaseballPitch_g20_c01/
1274,./VideoDataPath/WalkingWithDog/v_WalkingWithDog_g18_c01/
1275,./VideoDataPath/RockClimbingIndoor/v_RockClimbingIndoor_g25_c05/
1276,./VideoDataPath/TennisSwing/v_TennisSwing_g01_c02/
1277,./VideoDataPath/SalsaSpin/v_SalsaSpin_g03_c02/
1278,./VideoDataPath/ApplyEyeMakeup/v_ApplyEyeMakeup_g10_c01/
1279,./VideoDataPath/StillRings/v_StillRings_g01_c05/
1280,./VideoDataPath/Archery/v_Archery_g15_c05/
1281,./VideoDataPath/WalkingWithDog/v_WalkingWithDog_g05_c03/
1282,./VideoDataPath/Hammering/v_Hammering_g01_c04/
1283,./VideoDataPath/RockClimbingIndoor/v_RockClimbingIndoor_g10_c07/
1284,./VideoDataPath/Drumming/v_Drumming_g13_c03/
1285,./VideoDataPath/YoYo/v_YoYo_g24_c01/
1286,./VideoDataPath/TableTennisShot/v_TableTennisShot_g23_c03/
1287,./VideoDataPath/BandMarching/v_BandMarching_g19_c02/
1288,./VideoDataPath/TennisSwing/v_TennisSwing_g13_c07/
1289,./VideoDataPath/ShavingBeard/v_ShavingBeard_g14_c06/
1290,./VideoDataPath/CricketShot/v_CricketShot_g25_c07/
1291,./VideoDataPath/Surfing/v_Surfing_g25_c02/
1292,./VideoDataPath/SoccerJuggling/v_SoccerJuggling_g25_c01/
1293,./VideoDataPath/BreastStroke/v_BreastStroke_g05_c03/
1294,./VideoDataPath/ParallelBars/v_ParallelBars_g25_c04/
1295,./VideoDataPath/WritingOnBoard/v_WritingOnBoard_g21_c04/
1296,./VideoDataPath/BlowingCandles/v_BlowingCandles_g09_c04/
1297,./VideoDataPath/RockClimbingIndoor/v_RockClimbingIndoor_g15_c03/
1298,./VideoDataPath/PlayingFlute/v_PlayingFlute_g07_c07/
1299,./VideoDataPath/Biking/v_Biking_g21_c05/
1300,./VideoDataPath/PoleVault/v_PoleVault_g06_c02/
1301,./VideoDataPath/Haircut/v_Haircut_g23_c05/
1302,./VideoDataPath/Nunchucks/v_Nunchucks_g02_c01/
1303,./VideoDataPath/FloorGymnastics/v_FloorGymnastics_g02_c02/
1304,./VideoDataPath/BodyWeightSquats/v_BodyWeightSquats_g25_c02/
1305,./VideoDataPath/PlayingDhol/v_PlayingDhol_g06_c05/
1306,./VideoDataPath/Bowling/v_Bowling_g08_c04/
1307,./VideoDataPath/Surfing/v_Surfing_g03_c02/
1308,./VideoDataPath/Rafting/v_Rafting_g14_c02/
1309,./VideoDataPath/HandstandPushups/v_HandStandPushups_g23_c03/
1310,./VideoDataPath/Lunges/v_Lunges_g20_c01/
1311,./VideoDataPath/JavelinThrow/v_JavelinThrow_g12_c01/
1312,./VideoDataPath/BaseballPitch/v_BaseballPitch_g15_c05/
1313,./VideoDataPath/BodyWeightSquats/v_BodyWeightSquats_g18_c04/
1314,./VideoDataPath/Basketball/v_Basketball_g07_c03/
1315,./VideoDataPath/FieldHockeyPenalty/v_FieldHockeyPenalty_g18_c01/
1316,./VideoDataPath/SoccerJuggling/v_SoccerJuggling_g23_c01/
1317,./VideoDataPath/BrushingTeeth/v_BrushingTeeth_g04_c01/
1318,./VideoDataPath/FloorGymnastics/v_FloorGymnastics_g03_c01/
1319,./VideoDataPath/Mixing/v_Mixing_g13_c03/
1320,./VideoDataPath/FrisbeeCatch/v_FrisbeeCatch_g21_c02/
1321,./VideoDataPath/PlayingPiano/v_PlayingPiano_g17_c06/
1322,./VideoDataPath/Billiards/v_Billiards_g03_c05/
1323,./VideoDataPath/SkyDiving/v_SkyDiving_g04_c03/
1324,./VideoDataPath/FrisbeeCatch/v_FrisbeeCatch_g18_c02/
1325,./VideoDataPath/PizzaTossing/v_PizzaTossing_g24_c06/
1326,./VideoDataPath/RopeClimbing/v_RopeClimbing_g15_c04/
1327,./VideoDataPath/Basketball/v_Basketball_g06_c02/
1328,./VideoDataPath/GolfSwing/v_GolfSwing_g01_c01/
1329,./VideoDataPath/Hammering/v_Hammering_g12_c01/
1330,./VideoDataPath/HighJump/v_HighJump_g22_c01/
1331,./VideoDataPath/Punch/v_Punch_g17_c01/
